id,fromAccountNo,ToAccountNo,date,amount,type,description,userId
1,CUR2960488639,CUR3342331444,2025-08-09T01:49:42Z,4008.08,Credit,Internet bill,1
2,BUS8995059760,CUR3342331444,2024-10-11T16:06:48Z,2253.1,Credit,Consulting fee,1
3,CUR3342331444,SAV3691864041,2024-05-21T23:12:59Z,1376.61,Debit,Restaurant,1
4,CUR3342331444,CUR1429416213,2024-08-08T08:32:15Z,407.49,Debit,Water bill,1
5,CUR7076811348,CUR3342331444,2024-04-18T13:56:45Z,1657.75,Credit,Interest credit,1
6,CUR3342331444,CUR8616379926,2025-05-01T02:16:01Z,2922.48,Debit,Medical bill,1
7,CUR3342331444,CUR2188332531,2023-02-10T20:57:36Z,1496.57,Debit,Insurance premium,1
8,BUS6587537178,CUR3342331444,2025-05-08T19:35:45Z,4489.57,Credit,Merchant payment,1
9,CUR3342331444,CUR9520940324,2024-03-25T09:56:14Z,3346.02,Debit,Freelance project,1
10,BUS3294043548,CUR3342331444,2025-04-08T06:00:32Z,4535.11,Credit,Tax payment,1
11,SAV2461042543,CUR3342331444,2023-02-25T03:03:23Z,912.74,Credit,ATM withdrawal,1
12,CUR3342331444,CUR5791662169,2025-02-15T11:55:06Z,4398.8,Debit,ATM withdrawal,1
13,CUR1252860896,CUR3342331444,2025-05-13T09:11:05Z,2699.4,Credit,Refund,1
14,CUR3342331444,CUR4239406957,2024-04-04T23:40:15Z,4748.31,Debit,Subscription renewal,1
15,CUR3342331444,CUR2472659626,2023-02-11T22:37:19Z,576.38,Debit,Subscription renewal,1
16,BUS6587537178,CUR3342331444,2025-08-10T09:19:46Z,4818.86,Credit,Medical bill,1
17,SAV4131575764,CUR3342331444,2023-08-23T05:57:45Z,2881.1,Credit,Insurance premium,1
18,CUR3342331444,BUS2043030161,2025-03-23T07:13:15Z,3487.48,Debit,Deposit,1
19,CUR7900268326,CUR3342331444,2023-09-05T20:36:17Z,3309.3,Credit,Restaurant,1
20,CUR3342331444,SAV5748253283,2025-11-02T23:34:34Z,4804.13,Debit,Phone bill,1
21,CUR7635473142,BUS7371573279,2025-07-30T05:34:12Z,2180.69,Debit,Gym membership,2
22,CUR2936179853,CUR7635473142,2024-07-03T11:44:05Z,3753.63,Credit,Tax payment,2
23,CUR7635473142,CUR3094011037,2025-02-15T12:14:52Z,1777.35,Debit,ATM withdrawal,2
24,SAV3387104291,CUR7635473142,2024-11-28T10:10:55Z,2585.55,Credit,Subscription renewal,2
25,CUR5791662169,CUR7635473142,2023-06-25T08:47:15Z,1205.42,Credit,Merchant payment,2
26,CUR3553440342,CUR7635473142,2025-10-02T16:19:03Z,2024.98,Credit,Online purchase,2
27,CUR7635473142,CUR2188332531,2024-09-19T21:10:25Z,2130.39,Debit,Gym membership,2
28,CUR1298737106,CUR7635473142,2024-11-08T12:48:32Z,1156.54,Credit,Gym membership,2
29,CUR7635473142,CUR5791662169,2024-01-30T11:29:19Z,3452.37,Debit,Subscription renewal,2
30,CUR7635473142,CUR5791662169,2024-03-19T17:37:44Z,2625.56,Debit,Deposit,2
31,CUR7635473142,SAV4131575764,2023-07-25T07:04:03Z,75.67,Debit,Payroll,2
32,CUR7635473142,SAV4698408854,2023-09-17T09:59:14Z,3488.6,Debit,Water bill,2
33,SAV7980611182,CUR7635473142,2025-10-02T03:44:06Z,2396.18,Credit,Rental income,2
34,CUR7635473142,CUR4530959836,2024-01-13T01:52:14Z,2006.53,Debit,Restaurant,2
35,CUR7635473142,SAV4131575764,2023-04-20T05:31:27Z,430.48,Debit,Online purchase,2
36,BUS7539399243,CUR7635473142,2023-08-31T20:19:07Z,2255.32,Credit,Interest credit,2
37,CUR1667779376,CUR7635473142,2024-08-31T21:25:39Z,305.85,Credit,Gym membership,2
38,CUR1240251661,CUR7635473142,2023-07-23T07:33:55Z,789.5,Credit,Loan repayment,2
39,CUR7635473142,BUS6587537178,2023-06-03T05:41:57Z,2352.21,Debit,Grocery payment,2
40,SAV9895649328,CUR7635473142,2024-04-19T10:29:22Z,1170.95,Credit,ATM withdrawal,2
41,CUR1667779376,BUS7567496105,2024-02-10T15:28:43Z,4542.52,Debit,Bonus payment,3
42,CUR1667779376,BUS6534540349,2023-10-19T02:35:59Z,626.15,Debit,Medical bill,3
43,CUR2926780541,CUR1667779376,2024-09-14T14:39:17Z,2191.61,Credit,Service charge,3
44,CUR1392245997,CUR1667779376,2023-03-23T15:43:46Z,4809.75,Credit,Bonus payment,3
45,CUR8093179263,CUR1667779376,2023-02-12T09:48:45Z,4580.78,Credit,Loan repayment,3
46,SAV6789448659,CUR1667779376,2025-06-11T23:06:42Z,1669.88,Credit,Internet bill,3
47,CUR1667779376,SAV5452580287,2023-08-03T05:51:19Z,444.86,Debit,ATM withdrawal,3
48,SAV3880327491,CUR1667779376,2024-10-24T04:13:14Z,4125.51,Credit,Salary,3
49,CUR1667779376,CUR5791662169,2025-08-04T15:02:45Z,2494.97,Debit,Interest credit,3
50,CUR1667779376,SAV4698408854,2023-04-16T07:24:40Z,2193.39,Debit,Medical bill,3
51,CUR1667779376,CUR4048494026,2025-09-19T04:25:15Z,1557.2,Debit,Salary,3
52,CUR1667779376,CUR4574027737,2025-04-15T03:23:37Z,2494.39,Debit,Medical bill,3
53,SAV7980611182,CUR1667779376,2024-08-20T18:31:38Z,4901.32,Credit,Online purchase,3
54,CUR1667779376,BUS6587537178,2025-07-24T20:04:15Z,2543.66,Debit,Water bill,3
55,SAV7475684019,CUR1667779376,2023-05-23T10:03:28Z,4103.64,Credit,Deposit,3
56,CUR7375197714,CUR1667779376,2024-09-03T21:22:11Z,1665.54,Credit,Consulting fee,3
57,BUS2644847276,CUR1667779376,2025-02-11T16:34:42Z,4280.78,Credit,Transfer to savings,3
58,SAV5212581851,CUR1667779376,2023-03-31T11:35:04Z,2479.17,Credit,Grocery payment,3
59,SAV4131356954,CUR1667779376,2023-09-16T18:17:16Z,4371.58,Credit,Interest credit,3
60,BUS7567496105,CUR1667779376,2023-07-24T19:08:57Z,2052.84,Credit,Phone bill,3
61,SAV8429141456,SAV7586857685,2023-11-13T02:43:27Z,4770.93,Debit,Phone bill,4
62,SAV8429141456,CUR1338258951,2025-09-26T19:41:52Z,3423.58,Debit,Deposit,4
63,SAV8429141456,CUR1338258951,2024-04-10T03:17:26Z,3520.93,Debit,Electricity bill,4
64,CUR5535997538,SAV8429141456,2025-06-27T06:03:25Z,1795.52,Credit,Transfer to savings,4
65,CUR7635473142,SAV8429141456,2023-10-26T08:53:27Z,854.07,Credit,Restaurant,4
66,SAV7271954644,SAV8429141456,2025-02-22T22:33:46Z,719.87,Credit,Interest credit,4
67,SAV8429141456,SAV2461042543,2024-06-04T16:43:56Z,4506.54,Debit,Internet bill,4
68,SAV8429141456,SAV7271954644,2023-11-20T02:41:21Z,1499.28,Debit,Transfer to savings,4
69,SAV3181106786,SAV8429141456,2024-05-27T16:37:58Z,4267.41,Credit,Electricity bill,4
70,CUR3030106617,SAV8429141456,2024-04-30T13:53:06Z,1479.68,Credit,Bonus payment,4
71,SAV8429141456,BUS5181592277,2025-03-21T09:59:36Z,4553.53,Debit,Gym membership,4
72,CUR2188332531,SAV8429141456,2025-10-14T10:25:12Z,1098.93,Credit,Subscription renewal,4
73,SAV4131356954,SAV8429141456,2024-05-29T00:00:00Z,4517.5,Credit,Phone bill,4
74,CUR5972484792,SAV8429141456,2023-03-22T11:14:52Z,3663.14,Credit,Restaurant,4
75,CUR1547374338,SAV8429141456,2024-08-27T11:53:43Z,3933.63,Credit,Refund,4
76,SAV7980611182,SAV8429141456,2025-10-24T09:55:20Z,4837.08,Credit,Deposit,4
77,SAV8429141456,CUR5791662169,2024-11-24T04:11:35Z,4832.67,Debit,Stock sale proceeds,4
78,SAV8429141456,CUR5825776872,2025-03-24T20:17:28Z,1846.09,Debit,Gym membership,4
79,SAV8429141456,SAV6299224734,2024-06-20T21:16:59Z,130.0,Debit,Payroll,4
80,SAV8429141456,SAV2461042543,2024-11-02T22:12:44Z,4547.39,Debit,Deposit,4
81,CUR1298737106,SAV9572442790,2025-04-16T04:14:52Z,585.02,Debit,Online purchase,5
82,CUR1298737106,BUS7615076397,2023-10-05T14:09:00Z,2938.77,Debit,Gym membership,5
83,BUS9381721143,CUR1298737106,2023-11-13T15:06:19Z,168.42,Credit,Refund,5
84,CUR1298737106,CUR5972484792,2024-03-20T16:08:35Z,501.28,Debit,Internet bill,5
85,CUR7004964045,CUR1298737106,2025-01-22T19:49:24Z,953.09,Credit,Electricity bill,5
86,BUS5170814022,CUR1298737106,2025-07-20T03:20:15Z,257.64,Credit,Rental income,5
87,CUR5791662169,CUR1298737106,2024-05-13T04:35:05Z,2773.27,Credit,Tax payment,5
88,CUR1298737106,BUS6587537178,2024-03-18T08:28:59Z,19.16,Debit,Stock sale proceeds,5
89,CUR1110724913,CUR1298737106,2023-10-24T04:43:58Z,79.23,Credit,Freelance project,5
90,CUR1298737106,CUR7380780055,2024-05-02T21:26:22Z,638.16,Debit,Transfer to savings,5
91,CUR1298737106,BUS3549776132,2023-08-21T02:18:50Z,2262.77,Debit,Online purchase,5
92,CUR3342331444,CUR1298737106,2023-03-30T23:59:23Z,308.82,Credit,Merchant payment,5
93,CUR7805745017,CUR1298737106,2025-04-02T15:31:12Z,372.09,Credit,Restaurant,5
94,CUR1298737106,CUR1667779376,2024-10-21T22:08:50Z,3167.22,Debit,Payroll,5
95,SAV2461042543,CUR1298737106,2024-10-27T13:52:05Z,2530.23,Credit,Transfer to savings,5
96,BUS6218484323,CUR1298737106,2023-07-23T04:09:56Z,2260.52,Credit,Online purchase,5
97,SAV7418301077,CUR1298737106,2025-04-27T12:20:24Z,479.95,Credit,Transfer to savings,5
98,CUR1298737106,SAV7980611182,2024-10-02T09:16:48Z,340.33,Debit,Bonus payment,5
99,CUR1298737106,SAV4486522557,2023-06-24T03:23:39Z,2784.07,Debit,Tax payment,5
100,CUR1298737106,SAV4096932037,2024-11-06T04:27:01Z,4842.15,Debit,Service charge,5
101,SAV8877444318,BUS7567496105,2024-10-01T12:48:10Z,3285.4,Debit,Online purchase,6
102,CUR5791662169,SAV8877444318,2023-08-10T12:44:50Z,1396.45,Credit,Online purchase,6
103,BUS3391179068,SAV8877444318,2025-05-28T20:25:26Z,3046.93,Credit,Internet bill,6
104,SAV8877444318,SAV9252940807,2024-07-01T01:03:14Z,1758.36,Debit,Loan repayment,6
105,CUR1252860896,SAV8877444318,2023-10-21T20:37:08Z,3167.69,Credit,Salary,6
106,SAV8877444318,CUR9520940324,2023-07-07T19:18:51Z,791.26,Debit,Deposit,6
107,CUR3653594796,SAV8877444318,2024-10-26T20:39:55Z,3371.47,Credit,ATM withdrawal,6
108,SAV8877444318,BUS4944899549,2025-06-26T15:26:16Z,1081.77,Debit,Cheque deposit,6
109,SAV8877444318,SAV7676965974,2023-08-22T12:34:02Z,2967.71,Debit,Cheque deposit,6
110,SAV8877444318,CUR1033015788,2024-09-23T01:39:12Z,1510.59,Debit,Subscription renewal,6
111,SAV8877444318,CUR2926780541,2023-10-09T09:18:11Z,3736.34,Debit,Loan repayment,6
112,SAV7049001493,SAV8877444318,2023-09-22T13:50:34Z,4167.6,Credit,Freelance project,6
113,SAV8877444318,SAV5375461598,2024-12-26T02:37:27Z,4606.21,Debit,Stock sale proceeds,6
114,SAV8877444318,CUR1338258951,2024-10-03T20:57:45Z,2091.38,Debit,Electricity bill,6
115,CUR1667779376,SAV8877444318,2025-04-09T00:45:33Z,2303.18,Credit,Medical bill,6
116,SAV8877444318,CUR7900268326,2025-01-11T03:12:31Z,2946.41,Debit,Cheque deposit,6
117,CUR1722124509,SAV8877444318,2023-06-11T14:24:33Z,2554.86,Credit,Electricity bill,6
118,SAV7418301077,SAV8877444318,2025-11-10T07:03:35Z,4791.33,Credit,Phone bill,6
119,SAV8877444318,CUR7635473142,2023-10-30T08:36:08Z,3013.98,Debit,Consulting fee,6
120,SAV7977267911,SAV8877444318,2023-06-04T06:26:58Z,4321.91,Credit,Phone bill,6
121,SAV4131575764,CUR1338258951,2024-10-09T05:29:46Z,1517.59,Debit,ATM withdrawal,7
122,CUR7805745017,SAV4131575764,2023-04-26T12:48:49Z,192.85,Credit,Refund,7
123,CUR7472806994,SAV4131575764,2024-08-10T02:47:37Z,2316.24,Credit,Payroll,7
124,CUR8110054933,SAV4131575764,2023-03-26T16:22:27Z,1611.03,Credit,Merchant payment,7
125,CUR9520940324,SAV4131575764,2025-10-23T05:29:33Z,4912.02,Credit,Restaurant,7
126,SAV4131575764,CUR7805745017,2025-10-30T23:31:29Z,4954.98,Debit,Cheque deposit,7
127,SAV4131575764,SAV1420514789,2023-11-22T13:14:56Z,3873.45,Debit,Internet bill,7
128,SAV4131356954,SAV4131575764,2023-04-18T22:58:11Z,2792.03,Credit,Insurance premium,7
129,BUS4750707607,SAV4131575764,2024-08-04T09:10:29Z,1670.14,Credit,Tax payment,7
130,SAV4131575764,BUS2683446724,2023-10-17T12:44:11Z,2977.23,Debit,Restaurant,7
131,SAV4131575764,CUR3260842187,2024-09-26T20:20:59Z,3231.89,Debit,Transfer to savings,7
132,SAV4131575764,CUR9841118422,2025-11-07T13:10:25Z,1711.95,Debit,Consulting fee,7
133,SAV4131575764,SAV6320115677,2025-09-22T06:59:26Z,1482.48,Debit,Freelance project,7
134,BUS9752058817,SAV4131575764,2023-07-27T18:29:03Z,1687.14,Credit,Consulting fee,7
135,SAV4131575764,CUR3030106617,2023-09-26T21:44:42Z,3856.63,Debit,Freelance project,7
136,SAV4131575764,SAV7418301077,2023-12-06T15:56:06Z,1191.46,Debit,Interest credit,7
137,SAV4131575764,SAV7980611182,2024-08-06T16:20:41Z,4520.35,Debit,Subscription renewal,7
138,SAV4698408854,SAV4131575764,2025-01-23T20:46:06Z,3891.73,Credit,Cheque deposit,7
139,CUR9044482007,SAV4131575764,2025-05-07T05:54:01Z,265.64,Credit,Merchant payment,7
140,BUS4655730355,SAV4131575764,2025-01-30T20:11:24Z,1428.89,Credit,Consulting fee,7
141,CUR1240251661,CUR7900268326,2023-11-25T09:55:55Z,463.11,Debit,Online purchase,8
142,SAV1939915527,CUR1240251661,2025-07-12T12:43:40Z,2512.53,Credit,Online purchase,8
143,CUR1240251661,SAV4131356954,2025-03-01T02:58:16Z,4196.69,Debit,Phone bill,8
144,CUR1240251661,SAV7980611182,2024-11-17T05:19:02Z,3481.88,Debit,Water bill,8
145,CUR2099184899,CUR1240251661,2025-08-18T16:19:59Z,4175.64,Credit,Payroll,8
146,SAV6520103410,CUR1240251661,2025-05-16T04:02:53Z,243.51,Credit,Transfer to savings,8
147,CUR1240251661,BUS3302333490,2025-07-25T02:17:12Z,3161.61,Debit,Tax payment,8
148,CUR1240251661,CUR2188332531,2024-05-10T05:13:38Z,1206.62,Debit,Transfer to savings,8
149,SAV8429141456,CUR1240251661,2024-01-19T03:07:01Z,2722.69,Credit,Freelance project,8
150,CUR1240251661,CUR8025152555,2025-11-05T20:10:33Z,4905.29,Debit,ATM withdrawal,8
151,SAV7418301077,CUR1240251661,2023-02-03T13:00:05Z,3287.24,Credit,Electricity bill,8
152,CUR1240251661,CUR9462806178,2024-11-11T04:51:26Z,879.57,Debit,Consulting fee,8
153,CUR9347720574,CUR1240251661,2025-08-09T17:25:22Z,189.73,Credit,Subscription renewal,8
154,SAV4131575764,CUR1240251661,2023-03-31T07:15:44Z,2579.34,Credit,Bonus payment,8
155,CUR1240251661,SAV4353689019,2025-08-27T09:13:22Z,4329.66,Debit,Rental income,8
156,SAV1939915527,CUR1240251661,2024-07-13T04:31:55Z,3717.82,Credit,Insurance premium,8
157,CUR1240251661,SAV8429141456,2024-11-25T06:48:06Z,1337.27,Debit,Restaurant,8
158,CUR1240251661,CUR7637761996,2025-05-19T02:52:25Z,1609.45,Debit,Restaurant,8
159,CUR1240251661,SAV7201539282,2024-11-02T10:45:50Z,2238.41,Debit,Gym membership,8
160,CUR7380780055,CUR1240251661,2024-12-23T22:23:09Z,379.83,Credit,Phone bill,8
161,CUR5092199300,CUR8110054933,2025-04-11T13:13:39Z,718.18,Credit,Service charge,9
162,CUR8110054933,CUR9462806178,2025-06-16T01:16:01Z,1834.81,Debit,Insurance premium,9
163,CUR8110054933,CUR5972484792,2023-03-08T22:01:50Z,1863.21,Debit,Consulting fee,9
164,CUR8110054933,CUR7192423780,2023-06-07T20:53:45Z,3249.56,Debit,Online purchase,9
165,SAV3181106786,CUR8110054933,2023-08-21T00:56:36Z,4568.14,Credit,Electricity bill,9
166,CUR1667779376,CUR8110054933,2024-06-20T09:28:36Z,1431.46,Credit,Merchant payment,9
167,CUR8110054933,CUR7635473142,2024-02-14T04:27:54Z,4493.9,Debit,Interest credit,9
168,BUS7623575561,CUR8110054933,2023-06-29T11:38:09Z,4457.2,Credit,Stock sale proceeds,9
169,CUR8110054933,CUR3553440342,2023-11-19T23:13:04Z,611.21,Debit,Subscription renewal,9
170,SAV7049001493,CUR8110054933,2023-10-12T08:37:09Z,2863.53,Credit,Interest credit,9
171,SAV1939915527,CUR8110054933,2023-09-23T22:16:49Z,4997.98,Credit,Gym membership,9
172,CUR8110054933,SAV7517938612,2025-09-07T19:08:23Z,373.38,Debit,Rental income,9
173,CUR8110054933,CUR1547374338,2023-06-01T16:22:59Z,4390.41,Debit,Consulting fee,9
174,CUR8110054933,CUR4570796341,2024-01-08T04:41:52Z,2592.92,Debit,Deposit,9
175,CUR8110054933,SAV5633668009,2023-12-04T05:53:49Z,985.53,Debit,Payroll,9
176,CUR1662259333,CUR8110054933,2024-07-16T04:33:26Z,3295.37,Credit,Gym membership,9
177,CUR8110054933,CUR7772180882,2024-11-22T20:31:14Z,3257.39,Debit,Consulting fee,9
178,CUR1338258951,CUR8110054933,2025-05-03T22:30:16Z,2730.16,Credit,Phone bill,9
179,CUR8110054933,SAV6572436051,2024-09-10T17:35:00Z,369.5,Debit,Grocery payment,9
180,CUR8110054933,CUR9520940324,2023-11-20T16:00:19Z,3035.27,Debit,Rental income,9
181,CUR5972484792,CUR7805745017,2024-10-15T12:34:28Z,2577.33,Credit,Electricity bill,10
182,CUR7805745017,SAV8877444318,2024-10-15T08:48:05Z,708.68,Debit,Grocery payment,10
183,SAV4482141802,CUR7805745017,2024-08-17T13:59:11Z,4068.32,Credit,Tax payment,10
184,SAV3880327491,CUR7805745017,2024-10-02T06:54:41Z,2336.74,Credit,Deposit,10
185,CUR7805745017,SAV2461042543,2025-10-15T00:50:37Z,4833.6,Debit,Subscription renewal,10
186,CUR7805745017,CUR9462806178,2024-12-23T01:46:17Z,3364.24,Debit,Deposit,10
187,CUR7805745017,BUS7026930365,2023-01-17T03:54:49Z,230.99,Debit,Grocery payment,10
188,SAV3880327491,CUR7805745017,2024-02-03T13:11:56Z,2254.52,Credit,Payroll,10
189,SAV4131356954,CUR7805745017,2024-07-26T22:41:29Z,1972.55,Credit,Freelance project,10
190,CUR1172893522,CUR7805745017,2024-11-25T20:18:36Z,199.38,Credit,Medical bill,10
191,SAV3880327491,CUR7805745017,2024-11-13T17:14:54Z,703.21,Credit,Service charge,10
192,CUR7805745017,SAV7844995269,2024-10-14T05:54:59Z,2539.04,Debit,Cheque deposit,10
193,CUR7805745017,SAV3702653209,2025-09-30T20:29:43Z,2986.56,Debit,ATM withdrawal,10
194,CUR1338258951,CUR7805745017,2024-04-11T01:52:11Z,3607.31,Credit,Consulting fee,10
195,SAV7517938612,CUR7805745017,2025-02-17T05:22:49Z,4741.28,Credit,Electricity bill,10
196,CUR7805745017,SAV1420514789,2024-01-26T00:41:22Z,3454.05,Debit,Transfer to savings,10
197,BUS4124168227,CUR7805745017,2025-10-24T22:15:47Z,3530.35,Credit,Cheque deposit,10
198,CUR7805745017,BUS6913417379,2024-02-29T20:25:16Z,4783.64,Debit,Interest credit,10
199,CUR7805745017,BUS3079537716,2024-12-02T19:53:21Z,4786.9,Debit,ATM withdrawal,10
200,SAV4027526473,CUR7805745017,2024-09-03T08:11:13Z,3452.75,Credit,Merchant payment,10
201,SAV4698408854,BUS6469458472,2024-10-11T17:28:08Z,613.76,Debit,Internet bill,11
202,CUR2247484671,SAV4698408854,2025-02-16T14:21:52Z,1441.71,Credit,Medical bill,11
203,BUS3057629778,SAV4698408854,2023-06-11T12:36:38Z,1014.33,Credit,Payroll,11
204,CUR1667779376,SAV4698408854,2024-07-09T20:27:44Z,3705.75,Credit,Online purchase,11
205,CUR1338258951,SAV4698408854,2024-05-11T01:50:53Z,1168.02,Credit,Electricity bill,11
206,CUR8616379926,SAV4698408854,2025-04-26T12:01:32Z,691.65,Credit,Payroll,11
207,SAV9434946584,SAV4698408854,2023-11-20T14:48:54Z,1609.23,Credit,Phone bill,11
208,CUR1252860896,SAV4698408854,2023-05-02T03:15:25Z,3616.97,Credit,Grocery payment,11
209,SAV3409076656,SAV4698408854,2023-12-25T15:12:53Z,4985.87,Credit,Insurance premium,11
210,SAV4765583254,SAV4698408854,2025-10-11T06:47:00Z,51.29,Credit,Tax payment,11
211,SAV4698408854,BUS7546898241,2023-08-08T12:11:54Z,4446.85,Debit,Water bill,11
212,SAV4698408854,SAV1799718923,2025-10-29T17:02:24Z,3684.41,Debit,Freelance project,11
213,CUR1667779376,SAV4698408854,2024-08-27T20:40:20Z,4281.45,Credit,Insurance premium,11
214,SAV4698408854,SAV4131356954,2025-05-25T18:45:38Z,927.98,Debit,Water bill,11
215,SAV3181106786,SAV4698408854,2025-09-04T11:46:55Z,1181.43,Credit,Consulting fee,11
216,SAV4698408854,CUR2014911848,2024-06-30T12:00:04Z,3340.59,Debit,Interest credit,11
217,SAV4698408854,SAV4993808565,2024-09-20T05:48:54Z,3850.36,Debit,Medical bill,11
218,CUR1667779376,SAV4698408854,2023-08-29T23:15:17Z,1108.14,Credit,Water bill,11
219,SAV4698408854,SAV9941564880,2025-09-06T05:34:38Z,2236.51,Debit,Medical bill,11
220,SAV7049001493,SAV4698408854,2025-01-10T02:50:37Z,4514.93,Credit,Subscription renewal,11
221,BUS7567496105,SAV6520103410,2023-11-03T05:59:26Z,3403.07,Debit,Medical bill,12
222,CUR7380780055,BUS7567496105,2025-09-28T03:18:39Z,2269.89,Credit,Cheque deposit,12
223,SAV7676965974,BUS7567496105,2025-04-30T16:37:53Z,4035.54,Credit,Gym membership,12
224,BUS7567496105,CUR9841118422,2023-02-14T14:24:57Z,2893.66,Debit,Grocery payment,12
225,CUR7380780055,BUS7567496105,2025-05-17T12:32:38Z,4673.24,Credit,Restaurant,12
226,BUS7567496105,CUR1547374338,2025-08-24T01:09:19Z,3830.31,Debit,Gym membership,12
227,SAV3181106786,BUS7567496105,2025-05-10T13:38:01Z,1881.35,Credit,Internet bill,12
228,CUR1429416213,BUS7567496105,2023-09-30T23:47:40Z,1968.33,Credit,Water bill,12
229,SAV7633342225,BUS7567496105,2024-04-01T00:07:35Z,2662.01,Credit,Bonus payment,12
230,BUS7567496105,CUR8110054933,2024-04-15T09:00:41Z,4687.36,Debit,Gym membership,12
231,CUR8616379926,BUS7567496105,2023-08-20T01:10:22Z,4681.51,Credit,Salary,12
232,BUS7567496105,CUR7805745017,2024-05-07T07:30:11Z,2990.94,Debit,Medical bill,12
233,CUR3553440342,BUS7567496105,2023-04-10T08:54:37Z,2701.1,Credit,Consulting fee,12
234,SAV7418301077,BUS7567496105,2023-04-26T05:06:07Z,2882.67,Credit,Tax payment,12
235,BUS7567496105,CUR2472659626,2024-10-18T08:37:31Z,2608.65,Debit,Transfer to savings,12
236,BUS7567496105,BUS4915196257,2024-09-07T10:01:04Z,3131.84,Debit,Transfer to savings,12
237,BUS7547518979,BUS7567496105,2025-10-12T01:42:25Z,3483.06,Credit,Transfer to savings,12
238,BUS7567496105,SAV6262814762,2023-11-02T10:55:06Z,4288.42,Debit,Water bill,12
239,BUS3276297510,BUS7567496105,2025-08-06T02:05:52Z,1945.15,Credit,ATM withdrawal,12
240,SAV9987064419,BUS7567496105,2024-02-21T12:01:28Z,3624.3,Credit,Subscription renewal,12
241,SAV2461042543,CUR4752171298,2023-04-16T09:46:27Z,944.88,Debit,Consulting fee,13
242,SAV2461042543,SAV1065857791,2024-03-20T17:27:15Z,4686.11,Debit,Gym membership,13
243,BUS6173344564,SAV2461042543,2023-08-29T17:26:13Z,4576.06,Credit,Payroll,13
244,SAV2461042543,CUR2188332531,2024-10-20T10:18:21Z,1545.57,Debit,Refund,13
245,SAV2461042543,SAV6167393219,2025-10-15T16:58:00Z,1568.05,Debit,Grocery payment,13
246,SAV2461042543,SAV7271954644,2024-03-29T05:18:46Z,2897.82,Debit,Transfer to savings,13
247,SAV2461042543,SAV7517938612,2024-08-27T05:32:56Z,4167.65,Debit,Merchant payment,13
248,SAV7418301077,SAV2461042543,2024-11-22T09:22:08Z,3210.26,Credit,Merchant payment,13
249,CUR1547374338,SAV2461042543,2025-08-01T06:07:30Z,3602.97,Credit,Merchant payment,13
250,BUS4636537575,SAV2461042543,2024-01-12T19:44:18Z,4726.21,Credit,Internet bill,13
251,SAV2461042543,CUR9881854670,2023-04-10T00:13:56Z,759.39,Debit,Subscription renewal,13
252,SAV2461042543,BUS9215204939,2025-11-01T16:36:10Z,3298.13,Debit,Salary,13
253,SAV8429141456,SAV2461042543,2023-01-14T19:22:38Z,3612.35,Credit,Payroll,13
254,SAV4907446848,SAV2461042543,2024-08-10T00:37:26Z,539.55,Credit,Electricity bill,13
255,SAV2461042543,CUR2188332531,2023-11-01T08:46:24Z,1340.29,Debit,Insurance premium,13
256,SAV8877444318,SAV2461042543,2023-06-11T13:34:56Z,4951.21,Credit,Online purchase,13
257,CUR5696548897,SAV2461042543,2024-09-06T02:56:06Z,1899.42,Credit,Payroll,13
258,CUR8663837890,SAV2461042543,2025-09-01T02:02:35Z,2831.45,Credit,Stock sale proceeds,13
259,CUR3030106617,SAV2461042543,2023-07-15T19:13:46Z,4438.33,Credit,Merchant payment,13
260,SAV1141312095,SAV2461042543,2024-07-09T01:41:42Z,4644.19,Credit,Rental income,13
261,BUS8820716211,SAV7980611182,2023-02-02T07:32:32Z,4644.73,Credit,Deposit,14
262,SAV7980611182,SAV7616665277,2023-11-29T20:31:59Z,1922.31,Debit,Gym membership,14
263,CUR5714524551,SAV7980611182,2023-10-14T02:51:19Z,1164.56,Credit,Restaurant,14
264,SAV2401777036,SAV7980611182,2024-11-28T22:02:00Z,3172.44,Credit,Freelance project,14
265,SAV7980611182,SAV3181106786,2025-07-11T17:51:44Z,2162.08,Debit,Internet bill,14
266,SAV8877444318,SAV7980611182,2025-02-17T03:07:12Z,3566.98,Credit,Restaurant,14
267,SAV7980611182,CUR8471762590,2024-07-02T05:36:54Z,1586.81,Debit,Electricity bill,14
268,CUR5791662169,SAV7980611182,2023-07-07T00:11:20Z,1352.48,Credit,Water bill,14
269,SAV7980611182,SAV3880327491,2023-06-28T06:49:21Z,2043.18,Debit,Salary,14
270,CUR7192423780,SAV7980611182,2023-07-03T12:53:08Z,4319.27,Credit,Salary,14
271,SAV7980611182,SAV7049001493,2024-08-20T15:03:58Z,4526.51,Debit,Online purchase,14
272,SAV7980611182,BUS4944899549,2023-12-14T13:51:43Z,2468.15,Debit,Restaurant,14
273,SAV7980611182,SAV6320115677,2023-12-09T15:49:33Z,1808.82,Debit,Online purchase,14
274,CUR1547374338,SAV7980611182,2025-10-12T21:37:11Z,1526.77,Credit,Insurance premium,14
275,SAV7980611182,SAV6732648420,2024-11-11T22:34:49Z,4078.3,Debit,Stock sale proceeds,14
276,SAV7980611182,CUR7352298473,2023-10-06T10:56:18Z,892.3,Debit,Insurance premium,14
277,BUS4358554365,SAV7980611182,2024-10-15T10:36:40Z,1632.8,Credit,ATM withdrawal,14
278,SAV7980611182,SAV7271954644,2025-03-15T13:17:23Z,4986.34,Debit,Loan repayment,14
279,SAV4698408854,SAV7980611182,2023-02-25T16:48:25Z,4157.25,Credit,Restaurant,14
280,SAV7980611182,CUR1298737106,2025-04-17T18:10:44Z,3295.02,Debit,Medical bill,14
281,BUS4944899549,SAV7795686304,2025-05-16T13:43:32Z,2674.17,Debit,Stock sale proceeds,15
282,BUS4944899549,BUS1364994639,2025-05-06T19:47:36Z,3845.93,Debit,Internet bill,15
283,CUR9462806178,BUS4944899549,2024-12-28T06:03:22Z,3388.97,Credit,Insurance premium,15
284,BUS4944899549,CUR3553440342,2024-11-10T15:40:20Z,2555.83,Debit,Cheque deposit,15
285,BUS4944899549,SAV7676965974,2024-03-28T16:13:49Z,2945.01,Debit,Cheque deposit,15
286,SAV4698408854,BUS4944899549,2023-11-05T12:33:35Z,2082.8,Credit,Restaurant,15
287,BUS4944899549,CUR9841118422,2023-08-26T05:09:29Z,2607.97,Debit,Refund,15
288,BUS4944899549,SAV5583478908,2025-09-02T03:33:15Z,228.19,Debit,Medical bill,15
289,BUS4436189121,BUS4944899549,2023-08-24T00:49:20Z,4649.96,Credit,Gym membership,15
290,BUS4944899549,SAV7049001493,2024-05-14T18:47:12Z,2134.72,Debit,Interest credit,15
291,CUR2472659626,BUS4944899549,2024-04-19T14:44:50Z,2163.51,Credit,Salary,15
292,SAV4993808565,BUS4944899549,2024-02-09T16:22:06Z,1077.91,Credit,ATM withdrawal,15
293,BUS4944899549,CUR6866036409,2023-05-09T21:01:14Z,989.39,Debit,Electricity bill,15
294,BUS5785590330,BUS4944899549,2024-06-21T17:49:17Z,1763.16,Credit,Interest credit,15
295,SAV7676965974,BUS4944899549,2023-12-20T10:49:46Z,674.07,Credit,Electricity bill,15
296,BUS4944899549,BUS7567496105,2024-05-03T11:07:06Z,2556.57,Debit,Transfer to savings,15
297,BUS4944899549,CUR1338258951,2023-10-10T20:55:40Z,2689.21,Debit,Phone bill,15
298,BUS4944899549,CUR7635473142,2023-12-21T20:12:13Z,1576.33,Debit,Interest credit,15
299,CUR8110054933,BUS4944899549,2023-04-20T13:04:19Z,4077.0,Credit,Payroll,15
300,BUS4944899549,SAV7201296029,2025-11-01T23:46:39Z,840.43,Debit,Tax payment,15
301,CUR1338258951,CUR1429416213,2023-03-05T08:01:45Z,1446.91,Debit,Consulting fee,16
302,BUS3193894984,CUR1338258951,2025-07-25T20:35:40Z,2865.71,Credit,ATM withdrawal,16
303,SAV7418301077,CUR1338258951,2025-01-21T19:44:06Z,2209.63,Credit,Subscription renewal,16
304,CUR5292015249,CUR1338258951,2025-05-20T03:43:43Z,2251.41,Credit,Refund,16
305,SAV8877444318,CUR1338258951,2023-06-28T15:59:09Z,1053.34,Credit,Gym membership,16
306,CUR1547374338,CUR1338258951,2024-12-19T22:13:08Z,3925.32,Credit,Bonus payment,16
307,BUS6587537178,CUR1338258951,2024-02-28T02:09:40Z,2696.15,Credit,Rental income,16
308,BUS1408988968,CUR1338258951,2024-08-22T10:32:03Z,4814.05,Credit,Freelance project,16
309,CUR1569902893,CUR1338258951,2025-04-22T02:09:30Z,735.49,Credit,Rental income,16
310,CUR1338258951,BUS4944899549,2024-05-21T14:17:52Z,3140.93,Debit,Insurance premium,16
311,CUR8515344013,CUR1338258951,2025-07-14T02:44:58Z,3475.04,Credit,Refund,16
312,CUR1338258951,CUR8616379926,2025-07-20T17:46:08Z,4236.6,Debit,Restaurant,16
313,SAV6320115677,CUR1338258951,2025-07-27T23:06:49Z,3979.41,Credit,Insurance premium,16
314,CUR7192423780,CUR1338258951,2024-03-22T15:38:34Z,4142.58,Credit,Rental income,16
315,BUS4273856102,CUR1338258951,2023-09-25T20:36:45Z,234.48,Credit,Phone bill,16
316,CUR1338258951,SAV2960730480,2025-07-30T00:35:34Z,4959.23,Debit,Transfer to savings,16
317,BUS4944899549,CUR1338258951,2024-02-19T04:48:10Z,471.23,Credit,Refund,16
318,CUR1338258951,CUR5517391943,2024-05-27T03:00:03Z,3129.89,Debit,Gym membership,16
319,CUR6211604267,CUR1338258951,2024-04-24T15:37:40Z,394.3,Credit,Tax payment,16
320,CUR3030106617,CUR1338258951,2024-04-08T18:54:44Z,1721.15,Credit,Electricity bill,16
321,CUR7900268326,CUR1240251661,2025-05-14T04:48:44Z,3655.16,Debit,Electricity bill,17
322,CUR7900268326,SAV3181106786,2023-07-31T11:24:31Z,3868.44,Debit,Consulting fee,17
323,SAV8429141456,CUR7900268326,2023-09-30T23:21:32Z,2818.64,Credit,Service charge,17
324,CUR7900268326,CUR1252860896,2023-12-03T16:01:24Z,761.11,Debit,Transfer to savings,17
325,CUR7900268326,CUR5791662169,2025-06-25T07:54:34Z,620.17,Debit,Gym membership,17
326,CUR1547374338,CUR7900268326,2025-02-25T12:47:56Z,1242.69,Credit,Phone bill,17
327,BUS9056616444,CUR7900268326,2023-06-22T09:02:07Z,1031.2,Credit,Service charge,17
328,CUR7380780055,CUR7900268326,2025-11-09T06:52:06Z,3920.09,Credit,Freelance project,17
329,CUR7900268326,CUR1338258951,2024-05-05T18:01:05Z,2971.68,Debit,Cheque deposit,17
330,SAV7517938612,CUR7900268326,2023-01-25T13:08:49Z,2107.21,Credit,Payroll,17
331,CUR3522707023,CUR7900268326,2023-12-20T17:08:56Z,73.9,Credit,Subscription renewal,17
332,SAV4698408854,CUR7900268326,2023-03-23T02:12:05Z,3144.71,Credit,Cheque deposit,17
333,CUR1429416213,CUR7900268326,2025-04-30T15:25:18Z,2690.59,Credit,Water bill,17
334,CUR7900268326,CUR9841118422,2024-07-22T03:02:37Z,4871.7,Debit,Water bill,17
335,BUS5578929439,CUR7900268326,2024-10-31T14:13:33Z,3494.89,Credit,Gym membership,17
336,CUR7900268326,CUR3614915281,2024-05-03T02:06:29Z,1549.9,Debit,Gym membership,17
337,CUR7900268326,CUR2439622619,2023-12-26T04:20:55Z,823.34,Debit,Refund,17
338,CUR7900268326,SAV4865030023,2024-06-14T06:04:44Z,1678.38,Debit,Transfer to savings,17
339,CUR7900268326,BUS3695232998,2024-07-11T19:04:22Z,2483.26,Debit,Cheque deposit,17
340,CUR7900268326,CUR5972484792,2025-01-07T02:01:06Z,790.76,Debit,Consulting fee,17
341,CUR1252860896,SAV7517938612,2023-07-30T20:53:43Z,2546.58,Credit,Grocery payment,18
342,SAV7517938612,BUS7567496105,2023-01-26T08:54:13Z,898.91,Debit,Stock sale proceeds,18
343,BUS2801177461,SAV7517938612,2023-03-14T20:07:45Z,1612.4,Credit,Transfer to savings,18
344,SAV6520103410,SAV7517938612,2024-10-17T09:52:34Z,2512.69,Credit,Grocery payment,18
345,SAV8923555411,SAV7517938612,2024-01-03T08:07:33Z,1639.87,Credit,Payroll,18
346,SAV7517938612,SAV4131575764,2025-07-24T00:17:24Z,3699.18,Debit,Online purchase,18
347,CUR8616379926,SAV7517938612,2025-08-08T13:24:30Z,3880.55,Credit,Gym membership,18
348,SAV7517938612,CUR3553440342,2024-05-17T05:28:55Z,2710.02,Debit,Phone bill,18
349,SAV7517938612,BUS8418332121,2023-01-20T12:11:51Z,524.23,Debit,Cheque deposit,18
350,SAV7517938612,BUS7567496105,2024-05-02T15:17:06Z,3559.7,Debit,Restaurant,18
351,CUR3030106617,SAV7517938612,2023-03-31T08:25:39Z,4478.41,Credit,Interest credit,18
352,SAV7517938612,SAV1939915527,2023-06-23T21:08:42Z,378.78,Debit,Tax payment,18
353,SAV4698408854,SAV7517938612,2023-05-08T15:50:14Z,1308.65,Credit,Rental income,18
354,SAV7517938612,SAV6320115677,2025-03-15T11:52:42Z,4718.06,Debit,Water bill,18
355,SAV7517938612,CUR7192423780,2023-08-12T05:39:29Z,2035.53,Debit,Payroll,18
356,SAV7517938612,SAV6520103410,2025-01-03T07:33:35Z,456.65,Debit,Freelance project,18
357,SAV7517938612,SAV1637045876,2024-09-15T21:57:56Z,3557.23,Debit,Refund,18
358,SAV7517938612,CUR7635473142,2025-03-22T18:41:40Z,160.26,Debit,Insurance premium,18
359,SAV2461042543,SAV7517938612,2025-07-15T20:14:29Z,514.03,Credit,Freelance project,18
360,SAV7517938612,CUR1561417687,2023-10-14T04:25:19Z,4119.25,Debit,Refund,18
361,CUR1276905285,CUR1252860896,2023-06-22T21:12:06Z,4512.97,Credit,Interest credit,19
362,SAV1526252306,CUR1252860896,2023-09-21T03:20:55Z,4711.69,Credit,Grocery payment,19
363,CUR1252860896,SAV5421592782,2023-12-11T20:53:40Z,3417.65,Debit,Loan repayment,19
364,CUR7805745017,CUR1252860896,2024-12-25T07:49:03Z,4417.7,Credit,Grocery payment,19
365,CUR1252860896,SAV7049001493,2024-05-18T23:34:00Z,2397.76,Debit,Restaurant,19
366,CUR1252860896,SAV8429141456,2024-07-26T13:56:42Z,1249.49,Debit,Freelance project,19
367,CUR1429416213,CUR1252860896,2023-02-09T13:55:34Z,3908.27,Credit,Refund,19
368,CUR1252860896,CUR7192423780,2025-10-25T11:42:33Z,2987.6,Debit,Salary,19
369,CUR2188332531,CUR1252860896,2024-07-29T02:07:59Z,3835.38,Credit,Online purchase,19
370,CUR1252860896,CUR1429416213,2023-11-23T03:38:44Z,4082.34,Debit,Gym membership,19
371,SAV4630196130,CUR1252860896,2023-04-25T07:59:18Z,884.62,Credit,Tax payment,19
372,CUR3030106617,CUR1252860896,2024-10-13T13:03:46Z,1761.65,Credit,Tax payment,19
373,SAV7623374739,CUR1252860896,2023-10-19T20:30:07Z,881.91,Credit,Grocery payment,19
374,CUR1252860896,SAV8429141456,2023-07-04T02:02:42Z,2392.55,Debit,Rental income,19
375,CUR1252860896,CUR7192423780,2024-02-17T04:45:03Z,302.48,Debit,Water bill,19
376,CUR5728897164,CUR1252860896,2023-10-18T04:02:18Z,1512.32,Credit,Water bill,19
377,BUS2362721798,CUR1252860896,2023-11-19T15:54:21Z,3537.38,Credit,Payroll,19
378,SAV8252045593,CUR1252860896,2024-12-31T08:07:40Z,641.11,Credit,Gym membership,19
379,CUR1252860896,BUS1139082827,2023-01-04T20:51:22Z,3013.93,Debit,Freelance project,19
380,CUR1334176969,CUR1252860896,2024-03-28T23:17:19Z,1737.32,Credit,Rental income,19
381,SAV4993808565,CUR3030106617,2023-12-10T23:09:46Z,3351.77,Credit,Gym membership,20
382,CUR3030106617,SAV6320115677,2024-11-18T16:15:40Z,1755.65,Debit,Freelance project,20
383,CUR3030106617,SAV1420514789,2023-08-10T00:02:47Z,4845.66,Debit,Transfer to savings,20
384,CUR3030106617,SAV7980611182,2025-10-06T13:47:18Z,3944.71,Debit,Tax payment,20
385,CUR3030106617,CUR2266622851,2024-04-06T05:55:19Z,1596.99,Debit,Electricity bill,20
386,CUR3030106617,SAV7418301077,2023-06-01T12:26:41Z,379.64,Debit,Restaurant,20
387,BUS5428082088,CUR3030106617,2024-11-23T21:37:40Z,4712.5,Credit,Loan repayment,20
388,CUR3030106617,CUR8110054933,2025-06-08T05:43:11Z,2049.35,Debit,Payroll,20
389,CUR3030106617,SAV1939915527,2024-06-27T10:14:59Z,2860.99,Debit,Bonus payment,20
390,CUR3030106617,CUR1240251661,2025-10-02T05:35:31Z,1476.27,Debit,Internet bill,20
391,CUR3030106617,CUR1338258951,2025-09-10T07:16:11Z,1462.6,Debit,Restaurant,20
392,CUR3030106617,CUR2926780541,2025-08-27T04:12:19Z,4474.91,Debit,ATM withdrawal,20
393,SAV3181106786,CUR3030106617,2023-07-06T23:22:10Z,1850.16,Credit,Interest credit,20
394,CUR3030106617,BUS4944899549,2023-04-02T09:35:10Z,2823.41,Debit,Water bill,20
395,SAV3532855799,CUR3030106617,2023-07-18T03:07:13Z,2770.24,Credit,Bonus payment,20
396,CUR3030106617,SAV7980611182,2025-03-03T19:01:35Z,2865.71,Debit,Online purchase,20
397,CUR3030106617,BUS9739092337,2025-09-02T10:52:51Z,2858.24,Debit,Cheque deposit,20
398,SAV4482141802,CUR3030106617,2023-10-29T04:22:45Z,4860.96,Credit,Freelance project,20
399,CUR3030106617,SAV7676965974,2024-01-30T04:35:39Z,2179.79,Debit,Bonus payment,20
400,CUR3030106617,CUR5668747327,2023-10-30T21:39:54Z,2784.04,Debit,Payroll,20
401,CUR2802141793,SAV4131356954,2024-10-29T10:03:22Z,2075.14,Credit,Water bill,21
402,SAV4698408854,SAV4131356954,2023-07-25T03:50:45Z,4338.04,Credit,Refund,21
403,SAV4131356954,BUS6587537178,2025-04-21T09:37:00Z,2367.87,Debit,Loan repayment,21
404,SAV4131356954,BUS2725373847,2024-07-18T14:40:18Z,1981.98,Debit,Rental income,21
405,SAV5381866906,SAV4131356954,2024-05-01T01:47:40Z,4087.84,Credit,Deposit,21
406,BUS4731897202,SAV4131356954,2024-09-28T10:12:25Z,676.26,Credit,Gym membership,21
407,SAV4131356954,CUR9462806178,2025-06-26T11:40:56Z,450.99,Debit,Interest credit,21
408,SAV4526242854,SAV4131356954,2024-03-08T14:49:28Z,2578.77,Credit,Loan repayment,21
409,CUR8616379926,SAV4131356954,2023-05-15T11:19:39Z,4257.22,Credit,Tax payment,21
410,SAV4131356954,CUR2071552532,2023-03-01T06:19:32Z,2284.96,Debit,Refund,21
411,SAV4131356954,SAV1939915527,2024-02-12T09:58:30Z,3178.87,Debit,Electricity bill,21
412,SAV4131356954,CUR7635473142,2023-03-04T08:48:31Z,4802.8,Debit,Merchant payment,21
413,SAV4131356954,BUS5683197659,2024-12-17T12:32:01Z,142.12,Debit,Grocery payment,21
414,CUR3553440342,SAV4131356954,2023-11-30T20:50:07Z,3238.66,Credit,Internet bill,21
415,CUR8616379926,SAV4131356954,2024-02-28T09:47:49Z,4835.86,Credit,Internet bill,21
416,BUS4439688162,SAV4131356954,2023-01-19T17:15:40Z,1122.73,Credit,Service charge,21
417,SAV4131356954,SAV7266348777,2024-09-17T23:24:05Z,1094.95,Debit,Deposit,21
418,SAV4131356954,CUR2472659626,2025-03-24T21:16:49Z,4832.59,Debit,Bonus payment,21
419,SAV3939532043,SAV4131356954,2025-02-05T20:26:31Z,2411.28,Credit,Rental income,21
420,SAV4131356954,CUR9462806178,2024-07-20T23:19:24Z,3556.91,Debit,Phone bill,21
421,CUR2926780541,CUR7872090713,2024-09-03T06:51:28Z,3304.35,Debit,Internet bill,22
422,SAV9190122806,CUR2926780541,2023-10-14T00:55:36Z,2025.97,Credit,Gym membership,22
423,CUR8110054933,CUR2926780541,2023-03-14T21:13:38Z,1719.12,Credit,Medical bill,22
424,CUR2472659626,CUR2926780541,2024-03-31T19:27:55Z,1795.69,Credit,Deposit,22
425,SAV4131356954,CUR2926780541,2023-12-15T23:56:34Z,2356.55,Credit,Gym membership,22
426,SAV7676965974,CUR2926780541,2024-06-13T20:21:13Z,4498.46,Credit,Phone bill,22
427,CUR2926780541,SAV9103931356,2023-07-02T08:05:31Z,1861.55,Debit,Tax payment,22
428,CUR1338258951,CUR2926780541,2024-08-25T16:53:06Z,2919.96,Credit,Service charge,22
429,SAV7676965974,CUR2926780541,2023-05-26T17:11:34Z,1911.44,Credit,Deposit,22
430,CUR8110054933,CUR2926780541,2025-04-26T01:58:06Z,1716.64,Credit,Tax payment,22
431,CUR2926780541,CUR7389111087,2025-07-26T05:12:52Z,3157.01,Debit,Loan repayment,22
432,CUR2926780541,CUR9841118422,2024-10-03T23:06:05Z,3807.16,Debit,Loan repayment,22
433,CUR7934137693,CUR2926780541,2023-11-21T17:49:29Z,3169.27,Credit,Insurance premium,22
434,CUR2926780541,CUR8110054933,2025-05-28T17:22:53Z,3654.64,Debit,Salary,22
435,CUR2926780541,BUS4150801944,2024-10-21T19:20:03Z,1135.2,Debit,Refund,22
436,CUR2926780541,SAV4131575764,2024-10-01T04:41:39Z,839.27,Debit,Bonus payment,22
437,SAV8429141456,CUR2926780541,2023-04-04T10:51:25Z,2983.87,Credit,Rental income,22
438,CUR2926780541,SAV4221721910,2025-06-07T04:52:16Z,828.59,Debit,Freelance project,22
439,CUR2926780541,CUR9684051360,2025-04-06T00:41:46Z,2525.64,Debit,Electricity bill,22
440,CUR1338258951,CUR2926780541,2025-01-20T23:41:07Z,1282.67,Credit,Payroll,22
441,BUS4591108099,SAV1420514789,2023-04-10T21:37:26Z,245.93,Credit,Electricity bill,23
442,SAV1420514789,SAV7980611182,2025-05-03T16:10:37Z,3510.83,Debit,Subscription renewal,23
443,SAV1420514789,SAV8429141456,2023-01-20T10:57:47Z,1353.54,Debit,Service charge,23
444,SAV7418301077,SAV1420514789,2023-10-08T15:14:56Z,3090.4,Credit,Deposit,23
445,SAV1420514789,SAV5179517389,2023-08-22T03:52:08Z,1792.82,Debit,Transfer to savings,23
446,SAV1420514789,CUR9841118422,2024-08-27T05:50:20Z,3442.58,Debit,Merchant payment,23
447,SAV1420514789,CUR8168394616,2024-11-08T08:32:17Z,749.98,Debit,Restaurant,23
448,SAV6566372886,SAV1420514789,2023-06-03T03:41:16Z,2324.07,Credit,Electricity bill,23
449,SAV7676965974,SAV1420514789,2023-12-24T01:26:10Z,1566.97,Credit,Gym membership,23
450,CUR4659306670,SAV1420514789,2023-08-26T03:27:31Z,3318.46,Credit,Loan repayment,23
451,SAV5694190173,SAV1420514789,2024-11-04T13:01:01Z,4075.75,Credit,Loan repayment,23
452,SAV1420514789,SAV3181106786,2023-08-22T14:35:30Z,3451.06,Debit,Merchant payment,23
453,CUR1547374338,SAV1420514789,2025-05-13T23:37:25Z,3482.37,Credit,Grocery payment,23
454,SAV1420514789,SAV7517938612,2023-11-23T03:46:33Z,3393.57,Debit,Loan repayment,23
455,BUS5856127658,SAV1420514789,2025-02-16T13:03:22Z,4602.39,Credit,Electricity bill,23
456,SAV1420514789,CUR7192423780,2025-04-22T16:02:41Z,66.74,Debit,Stock sale proceeds,23
457,BUS5704029171,SAV1420514789,2024-04-03T12:19:01Z,3310.26,Credit,Online purchase,23
458,CUR1234359689,SAV1420514789,2025-09-13T12:35:18Z,3218.78,Credit,Loan repayment,23
459,CUR8522334580,SAV1420514789,2025-11-01T17:05:10Z,1606.57,Credit,Rental income,23
460,SAV3181106786,SAV1420514789,2024-07-23T01:49:59Z,2019.37,Credit,Online purchase,23
461,CUR7380780055,CUR1240251661,2023-06-11T16:42:54Z,4283.66,Debit,Interest credit,24
462,CUR5735817014,CUR7380780055,2024-10-09T04:19:19Z,2064.63,Credit,Payroll,24
463,BUS8178927766,CUR7380780055,2023-01-01T03:18:33Z,4752.02,Credit,Refund,24
464,CUR8616379926,CUR7380780055,2023-04-22T08:06:58Z,3100.69,Credit,Merchant payment,24
465,CUR7380780055,CUR5304403129,2025-01-14T16:28:34Z,1778.92,Debit,Phone bill,24
466,CUR4852057916,CUR7380780055,2024-08-20T19:56:26Z,2464.65,Credit,Bonus payment,24
467,CUR7380780055,SAV6520103410,2025-04-18T03:53:39Z,4651.43,Debit,Insurance premium,24
468,CUR9520940324,CUR7380780055,2024-03-17T16:38:25Z,543.29,Credit,Transfer to savings,24
469,CUR8616379926,CUR7380780055,2023-04-06T23:03:20Z,4459.31,Credit,Interest credit,24
470,CUR1252860896,CUR7380780055,2025-10-29T04:54:07Z,247.62,Credit,Transfer to savings,24
471,BUS3484872186,CUR7380780055,2025-09-16T18:30:28Z,3653.82,Credit,Water bill,24
472,SAV6947080764,CUR7380780055,2023-08-01T14:06:18Z,4897.61,Credit,Medical bill,24
473,CUR7380780055,SAV4698408854,2024-05-23T09:57:40Z,2266.96,Debit,Water bill,24
474,BUS8991678061,CUR7380780055,2023-10-10T15:01:39Z,3560.81,Credit,Payroll,24
475,CUR7380780055,BUS3887823121,2024-03-21T07:18:50Z,4906.77,Debit,Phone bill,24
476,BUS8934097788,CUR7380780055,2023-12-31T18:20:46Z,4042.48,Credit,Cheque deposit,24
477,CUR7380780055,CUR8110054933,2023-08-07T00:55:12Z,1338.56,Debit,Freelance project,24
478,CUR3030106617,CUR7380780055,2023-11-26T10:26:07Z,3922.87,Credit,Subscription renewal,24
479,SAV7676965974,CUR7380780055,2023-03-08T13:03:33Z,3698.76,Credit,Stock sale proceeds,24
480,CUR3030106617,CUR7380780055,2024-04-04T23:33:39Z,1441.76,Credit,Internet bill,24
481,SAV6520103410,BUS3371357111,2023-04-07T13:53:34Z,69.76,Debit,ATM withdrawal,25
482,SAV4564751926,SAV6520103410,2024-02-20T22:35:38Z,4557.87,Credit,Medical bill,25
483,BUS5141593270,SAV6520103410,2025-01-23T21:25:20Z,1474.42,Credit,Loan repayment,25
484,CUR2620054076,SAV6520103410,2023-06-02T06:48:27Z,2145.4,Credit,Payroll,25
485,SAV6520103410,CUR6714723660,2024-06-25T04:44:08Z,3549.9,Debit,Water bill,25
486,CUR8616379926,SAV6520103410,2023-03-23T05:35:46Z,4662.25,Credit,Service charge,25
487,SAV6320115677,SAV6520103410,2024-09-08T17:51:37Z,3921.24,Credit,Rental income,25
488,CUR7601519165,SAV6520103410,2024-03-26T06:41:40Z,464.27,Credit,Online purchase,25
489,SAV6520103410,CUR5791662169,2024-03-12T12:05:00Z,3093.31,Debit,Merchant payment,25
490,CUR9462806178,SAV6520103410,2023-01-19T04:10:36Z,3070.44,Credit,Service charge,25
491,SAV3181106786,SAV6520103410,2024-05-14T01:27:06Z,1286.67,Credit,Gym membership,25
492,SAV7479970041,SAV6520103410,2024-08-02T00:53:58Z,2436.59,Credit,Deposit,25
493,CUR3290101581,SAV6520103410,2024-01-30T11:39:44Z,3136.53,Credit,Subscription renewal,25
494,CUR3030106617,SAV6520103410,2024-03-12T15:26:41Z,4393.79,Credit,Gym membership,25
495,SAV7676965974,SAV6520103410,2025-06-10T23:32:26Z,773.0,Credit,Interest credit,25
496,SAV6520103410,CUR1298737106,2024-11-10T01:22:45Z,2792.63,Debit,Tax payment,25
497,SAV6520103410,SAV1939915527,2024-04-11T09:25:01Z,2167.96,Debit,Salary,25
498,BUS9785427977,SAV6520103410,2025-03-08T04:18:26Z,4242.01,Credit,Refund,25
499,SAV6520103410,BUS5666504394,2025-10-26T03:51:51Z,3827.54,Debit,Interest credit,25
500,SAV4482141802,SAV6520103410,2025-02-20T14:23:08Z,2669.67,Credit,Water bill,25
501,CUR9841118422,SAV5077921573,2025-03-11T19:52:09Z,2769.85,Debit,Payroll,26
502,CUR9841118422,SAV1939915527,2023-10-17T04:29:12Z,2688.07,Debit,Restaurant,26
503,SAV6204370540,CUR9841118422,2024-09-16T07:38:52Z,4528.61,Credit,Stock sale proceeds,26
504,CUR9841118422,SAV1834624758,2023-10-19T05:51:36Z,910.88,Debit,Freelance project,26
505,CUR9841118422,SAV4698408854,2023-04-22T19:58:59Z,3360.07,Debit,ATM withdrawal,26
506,CUR9520940324,CUR9841118422,2023-07-21T07:11:15Z,1788.91,Credit,Internet bill,26
507,CUR9841118422,CUR8110054933,2024-04-25T03:38:33Z,1592.34,Debit,Interest credit,26
508,CUR2839566253,CUR9841118422,2024-11-03T22:26:25Z,29.14,Credit,Online purchase,26
509,CUR9841118422,CUR7356353895,2024-03-29T23:19:55Z,2229.56,Debit,Consulting fee,26
510,BUS6587537178,CUR9841118422,2024-09-17T17:43:48Z,414.46,Credit,ATM withdrawal,26
511,CUR9841118422,BUS9918338001,2023-10-14T19:36:37Z,381.62,Debit,Salary,26
512,CUR9841118422,SAV1939915527,2025-11-04T22:59:48Z,3847.16,Debit,Subscription renewal,26
513,CUR9841118422,BUS4329446784,2023-03-17T20:04:58Z,1832.26,Debit,Online purchase,26
514,CUR9841118422,SAV1939915527,2024-08-18T04:52:28Z,1822.51,Debit,Salary,26
515,CUR2916502228,CUR9841118422,2024-05-04T22:21:22Z,899.83,Credit,Tax payment,26
516,CUR5791662169,CUR9841118422,2023-10-27T17:36:13Z,2440.77,Credit,Restaurant,26
517,CUR9841118422,BUS6846530109,2024-06-25T13:27:02Z,2351.02,Debit,Interest credit,26
518,SAV4993808565,CUR9841118422,2023-04-06T01:27:10Z,4842.36,Credit,Phone bill,26
519,SAV3181106786,CUR9841118422,2024-07-14T09:35:13Z,3270.11,Credit,Refund,26
520,CUR9841118422,CUR7512767226,2023-06-09T18:48:40Z,1767.73,Debit,Stock sale proceeds,26
521,CUR5891831621,SAV3181106786,2024-12-07T17:43:33Z,832.2,Credit,Restaurant,27
522,SAV3181106786,BUS6587537178,2024-07-29T07:42:03Z,3587.93,Debit,Electricity bill,27
523,SAV8195055602,SAV3181106786,2024-04-16T15:05:44Z,2397.71,Credit,Tax payment,27
524,SAV3409076656,SAV3181106786,2023-11-27T23:33:57Z,643.79,Credit,Tax payment,27
525,SAV7517938612,SAV3181106786,2023-11-26T04:54:18Z,738.59,Credit,Loan repayment,27
526,SAV7517938612,SAV3181106786,2024-06-12T06:33:17Z,3189.93,Credit,Gym membership,27
527,SAV3181106786,SAV9020002737,2024-08-03T03:07:19Z,856.98,Debit,Bonus payment,27
528,SAV3181106786,CUR8616379926,2025-04-21T21:52:33Z,913.51,Debit,Internet bill,27
529,SAV3181106786,SAV1295678014,2025-11-12T09:37:51Z,1894.17,Debit,Water bill,27
530,SAV3181106786,BUS8234304760,2023-08-11T00:36:10Z,4133.44,Debit,Service charge,27
531,SAV3181106786,CUR4231461054,2023-07-17T06:27:35Z,470.48,Debit,Internet bill,27
532,CUR8616379926,SAV3181106786,2023-09-24T21:58:18Z,3394.4,Credit,Transfer to savings,27
533,SAV8740820392,SAV3181106786,2025-05-11T13:29:06Z,3948.83,Credit,Insurance premium,27
534,BUS3474420092,SAV3181106786,2024-12-18T21:26:47Z,2130.32,Credit,ATM withdrawal,27
535,BUS6587537178,SAV3181106786,2025-09-04T08:27:55Z,4384.45,Credit,Transfer to savings,27
536,SAV3181106786,CUR5325865521,2024-06-11T06:52:55Z,3274.46,Debit,Medical bill,27
537,SAV3181106786,CUR9462806178,2024-10-08T14:53:08Z,2928.92,Debit,ATM withdrawal,27
538,SAV3181106786,SAV7676965974,2025-05-17T20:33:32Z,1990.28,Debit,Subscription renewal,27
539,CUR5972484792,SAV3181106786,2025-04-26T20:06:05Z,2797.67,Credit,Merchant payment,27
540,SAV4160161496,SAV3181106786,2024-06-03T11:09:53Z,4275.72,Credit,Internet bill,27
541,CUR3553440342,CUR1430693397,2023-09-01T08:21:56Z,2544.18,Debit,Freelance project,28
542,CUR5985331805,CUR3553440342,2024-11-24T20:02:45Z,4823.03,Credit,Salary,28
543,CUR3553440342,CUR5570190774,2023-07-06T05:17:28Z,1112.74,Debit,Restaurant,28
544,CUR9462806178,CUR3553440342,2023-03-19T13:59:34Z,2607.42,Credit,Medical bill,28
545,CUR8110054933,CUR3553440342,2023-04-28T06:22:53Z,4253.59,Credit,Freelance project,28
546,CUR3553440342,SAV8429141456,2024-08-08T07:05:25Z,3493.76,Debit,Service charge,28
547,CUR3553440342,CUR7010521940,2023-12-14T01:18:46Z,3349.96,Debit,Insurance premium,28
548,CUR3553440342,CUR7655449762,2024-02-15T18:51:01Z,3632.06,Debit,Payroll,28
549,BUS6587537178,CUR3553440342,2024-12-13T12:39:04Z,4815.47,Credit,Interest credit,28
550,CUR3553440342,SAV3880327491,2025-04-07T20:55:54Z,536.79,Debit,Restaurant,28
551,CUR3553440342,SAV3880327491,2025-10-27T10:42:48Z,4783.76,Debit,Payroll,28
552,CUR8616379926,CUR3553440342,2024-05-27T16:07:14Z,1220.15,Credit,Rental income,28
553,SAV5794335854,CUR3553440342,2025-07-28T16:46:27Z,342.43,Credit,Phone bill,28
554,CUR2188332531,CUR3553440342,2024-03-27T08:22:17Z,2584.94,Credit,Salary,28
555,CUR3553440342,CUR1252860896,2024-06-23T09:02:19Z,4106.27,Debit,Restaurant,28
556,CUR3553440342,SAV7517938612,2024-01-01T17:21:03Z,1349.03,Debit,Gym membership,28
557,SAV8877444318,CUR3553440342,2024-01-25T18:10:04Z,4364.35,Credit,Subscription renewal,28
558,SAV1458227039,CUR3553440342,2024-04-14T07:22:57Z,4601.34,Credit,Internet bill,28
559,CUR3553440342,CUR8937145080,2025-10-05T22:20:55Z,1859.13,Debit,Rental income,28
560,CUR5791662169,CUR3553440342,2025-10-05T20:55:03Z,4580.45,Credit,ATM withdrawal,28
561,SAV8429141456,SAV6320115677,2025-03-25T08:05:10Z,3997.35,Credit,Merchant payment,29
562,SAV6320115677,CUR7520641417,2023-03-08T18:17:40Z,1581.68,Debit,Salary,29
563,SAV6320115677,CUR5972484792,2023-01-25T07:40:23Z,3065.83,Debit,ATM withdrawal,29
564,SAV6320115677,CUR1667779376,2024-01-19T19:58:21Z,1718.77,Debit,Loan repayment,29
565,SAV6320115677,SAV7015499403,2025-10-18T15:26:07Z,2256.39,Debit,Tax payment,29
566,BUS2635881694,SAV6320115677,2023-09-26T20:58:03Z,733.49,Credit,Gym membership,29
567,CUR2926780541,SAV6320115677,2023-11-03T17:13:15Z,676.69,Credit,Stock sale proceeds,29
568,SAV6320115677,SAV7517938612,2024-10-08T17:43:02Z,243.31,Debit,Electricity bill,29
569,SAV6320115677,CUR1338258951,2023-12-01T02:11:09Z,486.03,Debit,Gym membership,29
570,SAV6320115677,CUR1298737106,2024-11-16T09:27:28Z,1723.98,Debit,Transfer to savings,29
571,CUR3312574703,SAV6320115677,2023-09-06T12:46:58Z,4896.97,Credit,Deposit,29
572,CUR1252860896,SAV6320115677,2024-12-28T11:50:10Z,2237.42,Credit,Restaurant,29
573,SAV6320115677,CUR4729138222,2025-02-19T22:20:34Z,3204.7,Debit,Rental income,29
574,CUR1240251661,SAV6320115677,2025-05-13T22:59:02Z,814.19,Credit,Online purchase,29
575,BUS8063693463,SAV6320115677,2024-10-04T11:32:13Z,1359.88,Credit,Interest credit,29
576,SAV4482141802,SAV6320115677,2025-01-13T21:22:08Z,923.51,Credit,Salary,29
577,BUS4220107677,SAV6320115677,2023-09-14T08:32:33Z,1056.8,Credit,Insurance premium,29
578,SAV6320115677,BUS1231178500,2023-07-30T03:28:44Z,3855.81,Debit,Cheque deposit,29
579,SAV6320115677,CUR9462806178,2023-06-20T03:47:02Z,4658.29,Debit,Insurance premium,29
580,SAV6320115677,CUR1338258951,2024-09-25T08:21:02Z,636.43,Debit,Cheque deposit,29
581,CUR1429416213,CUR7192423780,2023-12-16T01:02:24Z,4321.88,Debit,Interest credit,30
582,CUR1429416213,BUS3316222488,2024-07-11T19:58:18Z,2956.2,Debit,Interest credit,30
583,CUR2188332531,CUR1429416213,2025-06-09T19:03:30Z,2410.85,Credit,Online purchase,30
584,CUR1429416213,BUS7567496105,2023-07-03T16:05:15Z,1521.35,Debit,Salary,30
585,CUR1429416213,CUR3030106617,2023-10-07T12:31:13Z,4610.83,Debit,Consulting fee,30
586,CUR1429416213,SAV4698408854,2025-09-04T10:54:30Z,2987.03,Debit,Freelance project,30
587,CUR1429416213,SAV7049001493,2023-01-15T19:57:35Z,2188.35,Debit,Online purchase,30
588,CUR1429416213,CUR1298737106,2023-12-01T23:31:11Z,400.65,Debit,Phone bill,30
589,BUS8235474949,CUR1429416213,2024-05-05T18:48:33Z,1426.96,Credit,Gym membership,30
590,CUR1429416213,CUR1547374338,2024-07-04T15:02:00Z,1451.53,Debit,Phone bill,30
591,CUR1429416213,SAV6101516825,2025-07-21T22:29:27Z,101.88,Debit,Grocery payment,30
592,CUR1547374338,CUR1429416213,2023-02-15T06:46:11Z,3577.4,Credit,Gym membership,30
593,CUR1429416213,CUR9841118422,2023-01-17T08:28:34Z,1712.85,Debit,Deposit,30
594,CUR1429416213,SAV1627442454,2025-10-17T13:31:19Z,1336.19,Debit,Insurance premium,30
595,CUR1429416213,CUR1298737106,2023-05-27T19:46:37Z,4087.17,Debit,Bonus payment,30
596,SAV2902502763,CUR1429416213,2023-01-26T04:26:25Z,3689.41,Credit,Grocery payment,30
597,CUR2472659626,CUR1429416213,2024-02-12T16:46:42Z,4910.67,Credit,Merchant payment,30
598,SAV7418301077,CUR1429416213,2025-03-07T11:21:48Z,215.72,Credit,Payroll,30
599,CUR1429416213,CUR5972484792,2023-09-08T09:13:22Z,4438.16,Debit,Stock sale proceeds,30
600,CUR1429416213,CUR2439622619,2024-03-22T04:06:41Z,840.96,Debit,ATM withdrawal,30
601,SAV3409076656,CUR5972484792,2023-09-03T14:24:39Z,2907.48,Credit,Medical bill,31
602,CUR5972484792,CUR5972277002,2025-08-31T21:42:26Z,461.55,Debit,Service charge,31
603,CUR5972484792,BUS7567496105,2024-11-24T22:45:37Z,3508.13,Debit,Freelance project,31
604,CUR5972484792,SAV7049001493,2023-08-08T04:34:52Z,3943.87,Debit,Consulting fee,31
605,SAV3181106786,CUR5972484792,2024-12-12T15:58:23Z,1794.05,Credit,Water bill,31
606,CUR5972484792,SAV4698408854,2024-05-28T01:26:15Z,2715.96,Debit,Merchant payment,31
607,CUR5972484792,SAV7418301077,2024-01-24T20:37:58Z,2344.63,Debit,Stock sale proceeds,31
608,CUR1298737106,CUR5972484792,2023-11-25T02:30:27Z,2710.32,Credit,Interest credit,31
609,CUR3663727197,CUR5972484792,2023-01-02T23:13:47Z,1606.87,Credit,Restaurant,31
610,SAV7049001493,CUR5972484792,2025-03-04T06:54:46Z,774.89,Credit,Deposit,31
611,SAV8429141456,CUR5972484792,2024-10-22T14:55:13Z,3296.16,Credit,Grocery payment,31
612,CUR2926780541,CUR5972484792,2023-09-23T06:30:14Z,962.13,Credit,Grocery payment,31
613,CUR5972484792,BUS2099247629,2025-03-06T23:57:15Z,1834.94,Debit,Service charge,31
614,CUR2926780541,CUR5972484792,2023-05-26T00:28:35Z,4642.38,Credit,Bonus payment,31
615,SAV7049001493,CUR5972484792,2023-06-13T17:02:29Z,3718.67,Credit,Transfer to savings,31
616,SAV3409076656,CUR5972484792,2025-01-25T02:07:21Z,3672.83,Credit,Bonus payment,31
617,CUR2654984428,CUR5972484792,2024-09-14T02:50:15Z,969.63,Credit,Internet bill,31
618,CUR1252860896,CUR5972484792,2024-05-24T20:45:14Z,2792.92,Credit,Gym membership,31
619,BUS8152161448,CUR5972484792,2023-08-05T23:15:05Z,4414.71,Credit,Loan repayment,31
620,CUR5972484792,SAV4482141802,2024-01-05T20:01:25Z,2671.83,Debit,Service charge,31
621,CUR7192423780,SAV7676965974,2025-06-26T12:49:39Z,4225.05,Credit,Transfer to savings,32
622,CUR9841118422,SAV7676965974,2025-05-31T11:46:35Z,1878.44,Credit,Payroll,32
623,SAV1939915527,SAV7676965974,2024-06-04T13:06:27Z,5.98,Credit,Grocery payment,32
624,SAV7676965974,SAV4131575764,2024-08-05T21:41:27Z,37.81,Debit,Online purchase,32
625,SAV7676965974,BUS8826879784,2024-03-15T11:27:55Z,4595.96,Debit,Cheque deposit,32
626,SAV7676965974,CUR1547374338,2023-11-13T03:25:58Z,1328.62,Debit,Tax payment,32
627,SAV7676965974,SAV7517938612,2024-05-26T08:28:59Z,2001.99,Debit,Subscription renewal,32
628,CUR3030106617,SAV7676965974,2023-06-08T11:49:18Z,3515.73,Credit,Bonus payment,32
629,SAV7517938612,SAV7676965974,2023-07-15T21:40:18Z,1910.82,Credit,Consulting fee,32
630,SAV7676965974,SAV4308800114,2023-04-25T12:10:29Z,3739.65,Debit,Stock sale proceeds,32
631,SAV4131575764,SAV7676965974,2023-01-24T23:04:44Z,2624.29,Credit,Rental income,32
632,CUR7380780055,SAV7676965974,2023-11-03T11:53:58Z,3369.81,Credit,Insurance premium,32
633,CUR7900268326,SAV7676965974,2025-07-01T21:40:05Z,1452.47,Credit,Insurance premium,32
634,SAV7676965974,CUR1252860896,2023-10-31T04:48:46Z,251.31,Debit,Insurance premium,32
635,SAV7676965974,CUR3030106617,2024-06-21T03:05:51Z,656.22,Debit,Water bill,32
636,SAV7676965974,SAV7517938612,2025-09-11T20:21:48Z,984.52,Debit,Service charge,32
637,SAV7676965974,SAV3473979489,2024-05-19T08:49:20Z,567.09,Debit,Transfer to savings,32
638,SAV7676965974,BUS6587537178,2025-05-17T13:17:56Z,3278.77,Debit,Consulting fee,32
639,SAV3676546979,SAV7676965974,2024-09-16T06:09:44Z,2205.11,Credit,Bonus payment,32
640,SAV7418301077,SAV7676965974,2024-04-23T07:16:13Z,4264.56,Credit,Electricity bill,32
641,SAV5353951329,CUR2472659626,2023-04-22T08:50:56Z,3470.51,Credit,Electricity bill,33
642,CUR2472659626,CUR1252860896,2024-09-16T16:23:10Z,2692.34,Debit,Subscription renewal,33
643,CUR2472659626,CUR3870157362,2024-06-13T19:58:52Z,1886.15,Debit,Internet bill,33
644,CUR2472659626,CUR3030106617,2023-03-31T09:18:03Z,3091.73,Debit,Grocery payment,33
645,BUS4944899549,CUR2472659626,2025-08-10T23:50:20Z,3316.59,Credit,Internet bill,33
646,CUR2472659626,BUS2660104622,2025-01-07T03:55:41Z,4899.07,Debit,Cheque deposit,33
647,CUR2472659626,CUR1240251661,2023-07-23T11:29:07Z,936.15,Debit,Cheque deposit,33
648,SAV8877444318,CUR2472659626,2025-07-26T20:24:50Z,4611.74,Credit,Deposit,33
649,CUR2472659626,CUR2188332531,2024-11-14T17:50:16Z,3423.14,Debit,Refund,33
650,SAV4487053308,CUR2472659626,2024-09-11T08:35:59Z,3130.83,Credit,Insurance premium,33
651,CUR9520940324,CUR2472659626,2023-03-02T20:12:17Z,4486.39,Credit,Internet bill,33
652,SAV7676965974,CUR2472659626,2023-10-09T03:11:47Z,3064.18,Credit,Phone bill,33
653,CUR2472659626,SAV4131575764,2024-04-10T15:11:40Z,4549.13,Debit,Rental income,33
654,CUR2472659626,BUS4436425084,2025-07-08T19:44:31Z,4313.63,Debit,Deposit,33
655,CUR5973777930,CUR2472659626,2023-10-04T15:39:29Z,343.73,Credit,Payroll,33
656,CUR2472659626,BUS9473523940,2023-08-31T06:42:14Z,4806.17,Debit,Deposit,33
657,CUR8616379926,CUR2472659626,2025-06-26T23:11:12Z,943.73,Credit,Water bill,33
658,SAV3630074869,CUR2472659626,2024-01-14T00:57:13Z,2983.82,Credit,Online purchase,33
659,CUR2472659626,CUR7892184524,2023-02-23T13:04:49Z,3561.54,Debit,Refund,33
660,CUR2472659626,CUR8110054933,2024-01-12T14:06:25Z,1135.23,Debit,Transfer to savings,33
661,CUR2472659626,CUR2188332531,2023-01-31T09:49:30Z,4941.28,Credit,Consulting fee,34
662,CUR2188332531,SAV6354895816,2024-02-23T02:24:28Z,2027.31,Debit,Grocery payment,34
663,CUR2188332531,BUS4379795093,2025-02-18T11:23:32Z,2605.64,Debit,Interest credit,34
664,CUR1429416213,CUR2188332531,2025-07-24T01:32:39Z,1981.08,Credit,Gym membership,34
665,CUR2188332531,CUR6110368314,2023-03-22T20:18:18Z,2200.57,Debit,Deposit,34
666,CUR2188332531,CUR7380780055,2024-08-08T16:47:49Z,3451.32,Debit,Water bill,34
667,CUR2188332531,CUR3346800656,2025-08-07T23:31:25Z,1968.37,Debit,Rental income,34
668,CUR2188332531,SAV4993808565,2025-07-12T00:54:25Z,4479.5,Debit,Interest credit,34
669,CUR2188332531,BUS4420882289,2023-07-04T09:06:18Z,3593.28,Debit,Electricity bill,34
670,CUR5079161918,CUR2188332531,2023-07-06T04:09:23Z,1896.5,Credit,Insurance premium,34
671,CUR2472659626,CUR2188332531,2023-03-31T06:13:18Z,4314.05,Credit,Loan repayment,34
672,SAV4131575764,CUR2188332531,2023-10-24T06:30:44Z,1551.04,Credit,Consulting fee,34
673,CUR1547374338,CUR2188332531,2025-07-02T10:30:51Z,4802.37,Credit,Salary,34
674,CUR2188332531,BUS4467990956,2024-06-02T00:26:40Z,3041.88,Debit,Merchant payment,34
675,SAV1420514789,CUR2188332531,2024-05-02T07:53:46Z,2212.17,Credit,Service charge,34
676,CUR1338258951,CUR2188332531,2023-01-14T08:54:35Z,2789.96,Credit,Bonus payment,34
677,CUR2188332531,SAV3409076656,2024-03-01T01:46:51Z,731.15,Debit,Grocery payment,34
678,SAV1420514789,CUR2188332531,2024-09-03T12:03:19Z,4968.71,Credit,Loan repayment,34
679,BUS7781608576,CUR2188332531,2024-08-05T22:14:56Z,4657.74,Credit,Restaurant,34
680,CUR2188332531,SAV6320115677,2024-09-04T11:45:12Z,3793.42,Debit,Bonus payment,34
681,SAV3409076656,BUS4944899549,2023-05-13T10:39:42Z,1649.4,Debit,Transfer to savings,35
682,SAV7418301077,SAV3409076656,2024-03-05T07:36:40Z,4896.85,Credit,Cheque deposit,35
683,BUS6528427385,SAV3409076656,2023-06-29T17:36:34Z,3046.18,Credit,Rental income,35
684,CUR7432749100,SAV3409076656,2024-06-15T19:07:44Z,4040.86,Credit,Service charge,35
685,CUR3342331444,SAV3409076656,2024-04-21T10:34:34Z,2327.1,Credit,Freelance project,35
686,SAV5490354768,SAV3409076656,2023-08-30T07:32:55Z,1751.5,Credit,Freelance project,35
687,SAV4393863868,SAV3409076656,2024-03-10T00:24:40Z,1542.32,Credit,Cheque deposit,35
688,SAV3409076656,SAV1939915527,2024-10-25T00:13:23Z,3623.36,Debit,Service charge,35
689,SAV3409076656,BUS9742656117,2023-03-01T06:23:40Z,683.09,Debit,Water bill,35
690,SAV1420514789,SAV3409076656,2025-08-01T19:33:01Z,4639.31,Credit,Grocery payment,35
691,CUR1429416213,SAV3409076656,2024-09-05T20:34:08Z,98.5,Credit,Tax payment,35
692,SAV3409076656,CUR3342331444,2024-11-10T12:52:26Z,1699.07,Debit,Insurance premium,35
693,SAV6520103410,SAV3409076656,2023-12-06T20:47:19Z,4323.65,Credit,Consulting fee,35
694,CUR1240251661,SAV3409076656,2024-09-23T11:27:02Z,2487.79,Credit,Online purchase,35
695,SAV8429141456,SAV3409076656,2025-01-31T16:27:12Z,1515.08,Credit,Electricity bill,35
696,SAV3173230664,SAV3409076656,2025-02-05T01:21:41Z,3996.13,Credit,Cheque deposit,35
697,SAV3409076656,SAV8429141456,2023-11-12T06:55:31Z,1555.24,Debit,Rental income,35
698,BUS5263701409,SAV3409076656,2023-10-21T03:34:38Z,1029.91,Credit,Grocery payment,35
699,CUR2439622619,SAV3409076656,2025-07-29T14:06:41Z,1558.35,Credit,Grocery payment,35
700,SAV3409076656,SAV8429141456,2023-06-28T12:08:04Z,3832.07,Debit,Gym membership,35
701,CUR9841118422,CUR1547374338,2024-10-01T00:49:06Z,1607.8,Credit,Subscription renewal,36
702,BUS5800273809,CUR1547374338,2024-08-09T10:04:21Z,750.86,Credit,ATM withdrawal,36
703,SAV4131356954,CUR1547374338,2023-08-23T00:33:19Z,1036.85,Credit,Refund,36
704,CUR1547374338,SAV3465667475,2024-10-14T09:52:07Z,860.52,Debit,Deposit,36
705,CUR1547374338,SAV7980611182,2024-11-24T19:40:54Z,4516.95,Debit,Grocery payment,36
706,CUR1547374338,CUR7635473142,2023-08-05T13:57:59Z,3524.86,Debit,Tax payment,36
707,CUR1547374338,CUR8110054933,2025-07-02T22:26:21Z,3565.93,Debit,Internet bill,36
708,CUR3030106617,CUR1547374338,2023-06-10T16:57:19Z,2344.04,Credit,Interest credit,36
709,CUR3553440342,CUR1547374338,2024-09-27T23:27:45Z,4737.5,Credit,Water bill,36
710,CUR1547374338,BUS6689805567,2024-06-12T13:13:58Z,2440.1,Debit,Restaurant,36
711,CUR1547374338,SAV4482141802,2025-08-31T04:06:36Z,1414.88,Debit,Refund,36
712,CUR1547374338,CUR3789372578,2023-09-18T18:29:37Z,3963.19,Debit,Payroll,36
713,SAV8877444318,CUR1547374338,2025-08-02T14:35:35Z,2742.01,Credit,Merchant payment,36
714,CUR1547374338,BUS9504916685,2025-02-25T02:24:18Z,2838.22,Debit,Rental income,36
715,SAV4993808565,CUR1547374338,2024-04-28T06:18:06Z,2873.07,Credit,Merchant payment,36
716,SAV4131356954,CUR1547374338,2023-08-23T21:33:36Z,4111.01,Credit,Loan repayment,36
717,CUR1547374338,BUS6587537178,2024-09-22T14:46:28Z,3857.86,Debit,Insurance premium,36
718,CUR9841118422,CUR1547374338,2024-11-01T17:59:48Z,4086.08,Credit,Tax payment,36
719,SAV4698408854,CUR1547374338,2023-01-01T05:20:31Z,1952.96,Credit,Tax payment,36
720,CUR1547374338,SAV9973421080,2025-07-04T07:07:26Z,45.56,Debit,Cheque deposit,36
721,SAV7049001493,SAV4993808565,2025-04-07T04:38:38Z,4839.66,Credit,Salary,37
722,CUR7829701852,SAV4993808565,2025-01-05T03:59:38Z,3127.95,Credit,Medical bill,37
723,SAV4993808565,CUR2472659626,2025-02-22T14:46:59Z,871.18,Debit,Water bill,37
724,SAV4993808565,SAV5957540284,2024-01-21T20:13:20Z,4987.29,Debit,Internet bill,37
725,SAV4993808565,CUR5252952412,2023-09-15T04:53:20Z,427.89,Debit,Phone bill,37
726,SAV3676831869,SAV4993808565,2025-05-01T16:36:12Z,2274.7,Credit,Transfer to savings,37
727,SAV4993808565,BUS6587537178,2025-07-10T14:00:25Z,42.11,Debit,Merchant payment,37
728,SAV4993808565,BUS2576124271,2024-04-29T18:16:02Z,4891.28,Debit,Tax payment,37
729,SAV4993808565,CUR3030106617,2025-09-16T13:25:10Z,404.92,Debit,Gym membership,37
730,CUR1667779376,SAV4993808565,2024-07-26T16:55:40Z,446.79,Credit,Merchant payment,37
731,CUR1667779376,SAV4993808565,2023-06-09T23:04:18Z,268.61,Credit,Rental income,37
732,SAV4993808565,BUS8446676790,2023-01-23T17:04:15Z,2107.98,Debit,Freelance project,37
733,SAV4993808565,BUS8513724361,2024-08-26T10:31:47Z,3636.22,Debit,Tax payment,37
734,SAV7517938612,SAV4993808565,2024-06-17T02:14:10Z,262.84,Credit,Deposit,37
735,SAV4993808565,SAV6320115677,2023-02-25T10:26:33Z,4257.97,Debit,ATM withdrawal,37
736,CUR1298737106,SAV4993808565,2024-05-31T04:49:32Z,75.94,Credit,Electricity bill,37
737,SAV4469649363,SAV4993808565,2023-12-24T21:32:44Z,1309.96,Credit,Medical bill,37
738,SAV4993808565,SAV3409076656,2024-04-28T17:39:19Z,1717.53,Debit,Restaurant,37
739,CUR2926780541,SAV4993808565,2023-10-25T21:40:59Z,3765.04,Credit,Transfer to savings,37
740,CUR2482088956,SAV4993808565,2025-02-23T08:39:48Z,3213.09,Credit,Consulting fee,37
741,SAV4482141802,SAV4131575764,2023-08-26T01:54:44Z,2383.95,Debit,Consulting fee,38
742,CUR1298737106,SAV4482141802,2024-04-23T13:49:41Z,730.02,Credit,Stock sale proceeds,38
743,SAV4482141802,SAV8209074298,2025-06-09T00:25:54Z,4809.0,Debit,Internet bill,38
744,SAV6465734977,SAV4482141802,2023-03-26T03:32:41Z,1355.28,Credit,Freelance project,38
745,CUR8616379926,SAV4482141802,2023-07-21T09:17:48Z,3378.08,Credit,Online purchase,38
746,SAV4482141802,CUR9635366717,2024-02-04T18:55:51Z,47.34,Debit,Restaurant,38
747,SAV4482141802,CUR7805745017,2023-01-25T14:58:23Z,1760.82,Debit,Gym membership,38
748,SAV4482141802,CUR1240251661,2024-08-03T09:10:16Z,289.13,Debit,Service charge,38
749,CUR3597105677,SAV4482141802,2024-03-20T21:49:22Z,1882.91,Credit,Consulting fee,38
750,SAV2461042543,SAV4482141802,2024-01-14T04:02:08Z,3304.09,Credit,Restaurant,38
751,BUS6683977453,SAV4482141802,2025-07-17T10:03:46Z,814.02,Credit,Restaurant,38
752,SAV4482141802,CUR7380780055,2024-07-21T02:16:17Z,1294.9,Debit,Bonus payment,38
753,SAV4482141802,CUR8110054933,2024-06-26T06:28:41Z,3053.46,Debit,Loan repayment,38
754,SAV4482141802,CUR2112380464,2025-10-04T03:56:52Z,179.13,Debit,Restaurant,38
755,SAV4482141802,CUR9462806178,2024-05-28T16:14:02Z,3203.47,Debit,Grocery payment,38
756,SAV4482141802,SAV1939915527,2025-03-10T09:42:02Z,2875.33,Debit,Cheque deposit,38
757,SAV4482141802,CUR3319835182,2025-10-01T17:24:30Z,21.52,Debit,Medical bill,38
758,SAV6595603986,SAV4482141802,2025-09-14T04:24:46Z,280.7,Credit,Phone bill,38
759,CUR8907814712,SAV4482141802,2023-07-05T13:18:07Z,3803.46,Credit,Deposit,38
760,BUS6115319619,SAV4482141802,2024-02-20T06:25:49Z,3480.93,Credit,Electricity bill,38
761,SAV7271954644,BUS1813743830,2025-01-05T17:42:46Z,183.31,Debit,Salary,39
762,SAV7271954644,BUS6616661361,2024-05-03T17:48:44Z,2672.03,Debit,Bonus payment,39
763,SAV7271954644,SAV7418301077,2025-07-09T00:35:51Z,218.86,Debit,Electricity bill,39
764,SAV7676965974,SAV7271954644,2024-03-09T23:48:21Z,4351.65,Credit,Payroll,39
765,SAV7271954644,CUR1252860896,2023-11-02T21:05:36Z,712.24,Debit,Phone bill,39
766,CUR1560655311,SAV7271954644,2023-02-09T17:09:23Z,865.38,Credit,Grocery payment,39
767,SAV7271954644,SAV6320115677,2024-09-21T03:32:32Z,4089.91,Debit,Electricity bill,39
768,CUR4455101626,SAV7271954644,2023-08-22T18:06:01Z,2133.93,Credit,Freelance project,39
769,SAV7271954644,BUS5884792606,2025-04-03T11:48:18Z,4182.95,Debit,Freelance project,39
770,SAV6520103410,SAV7271954644,2024-03-12T01:39:35Z,1373.1,Credit,Consulting fee,39
771,CUR7805745017,SAV7271954644,2025-04-30T06:07:06Z,1222.0,Credit,Tax payment,39
772,SAV7271954644,BUS1677546830,2023-03-25T04:51:21Z,4398.74,Debit,Restaurant,39
773,SAV7271954644,CUR9462806178,2023-01-14T00:15:46Z,2970.68,Debit,Deposit,39
774,CUR1338258951,SAV7271954644,2025-05-02T17:19:51Z,1358.39,Credit,Interest credit,39
775,CUR3560968626,SAV7271954644,2025-04-23T08:42:39Z,3587.41,Credit,Service charge,39
776,SAV1420514789,SAV7271954644,2023-06-30T22:50:07Z,27.83,Credit,Online purchase,39
777,BUS6236751117,SAV7271954644,2024-01-29T04:16:41Z,3852.8,Credit,Internet bill,39
778,SAV7271954644,BUS7567496105,2024-03-02T10:03:51Z,3427.79,Debit,Merchant payment,39
779,SAV7271954644,CUR8064623490,2025-10-15T06:25:11Z,1428.9,Debit,Transfer to savings,39
780,SAV1186047172,SAV7271954644,2024-05-29T12:10:16Z,3703.38,Credit,Payroll,39
781,SAV6520103410,CUR8616379926,2023-12-27T05:45:15Z,358.94,Credit,Online purchase,40
782,CUR1252860896,CUR8616379926,2025-06-29T21:34:47Z,3385.88,Credit,Rental income,40
783,CUR8616379926,CUR1252860896,2024-04-16T04:00:35Z,2065.91,Debit,Subscription renewal,40
784,CUR8616379926,CUR7380780055,2025-02-08T08:02:02Z,4452.99,Debit,Water bill,40
785,CUR8616379926,CUR1547374338,2024-03-18T22:11:19Z,2291.41,Debit,Subscription renewal,40
786,CUR8616379926,CUR3030106617,2025-01-04T09:49:09Z,2845.49,Debit,ATM withdrawal,40
787,SAV4482141802,CUR8616379926,2023-10-07T04:02:43Z,3802.9,Credit,Online purchase,40
788,CUR8616379926,BUS4889428336,2024-08-27T21:58:39Z,2892.72,Debit,Payroll,40
789,CUR8616379926,CUR9841118422,2024-04-15T03:08:54Z,2959.95,Debit,Bonus payment,40
790,CUR8616379926,SAV8877444318,2025-08-05T10:09:51Z,1242.92,Debit,Transfer to savings,40
791,CUR1189941491,CUR8616379926,2024-03-31T21:32:44Z,4956.41,Credit,Gym membership,40
792,CUR8616379926,CUR3030106617,2025-10-29T01:13:26Z,4107.35,Debit,Interest credit,40
793,CUR8616379926,BUS8437965451,2025-10-11T08:45:24Z,4749.92,Debit,Water bill,40
794,CUR8616379926,CUR2309263254,2025-01-04T10:46:09Z,3518.01,Debit,Stock sale proceeds,40
795,CUR8616379926,SAV4993808565,2023-02-19T16:33:36Z,2029.78,Debit,Freelance project,40
796,CUR8616379926,BUS5598615444,2025-01-28T22:49:17Z,4467.71,Debit,Rental income,40
797,CUR8616379926,CUR1667779376,2023-03-08T10:47:54Z,2714.46,Debit,Freelance project,40
798,CUR7380780055,CUR8616379926,2024-02-29T02:56:51Z,2576.11,Credit,Internet bill,40
799,CUR8616379926,CUR1667779376,2025-01-15T01:52:38Z,209.17,Debit,Refund,40
800,SAV4993808565,CUR8616379926,2023-12-25T23:35:57Z,3869.01,Credit,Water bill,40
801,BUS6263212814,CUR9462806178,2024-11-16T08:41:18Z,1766.79,Credit,ATM withdrawal,41
802,CUR9462806178,CUR2188332531,2025-10-28T15:23:54Z,2264.79,Debit,Cheque deposit,41
803,BUS9158080779,CUR9462806178,2023-09-09T17:07:05Z,2262.63,Credit,Refund,41
804,CUR1240251661,CUR9462806178,2023-05-15T06:51:27Z,1956.46,Credit,Loan repayment,41
805,CUR9462806178,CUR3030106617,2024-08-13T02:48:05Z,744.03,Debit,Water bill,41
806,SAV1420514789,CUR9462806178,2024-02-23T18:57:27Z,4848.03,Credit,Payroll,41
807,CUR9462806178,CUR3342331444,2023-09-28T17:15:15Z,1461.13,Debit,Restaurant,41
808,CUR9520940324,CUR9462806178,2023-02-15T08:27:31Z,2061.4,Credit,Rental income,41
809,BUS7207328566,CUR9462806178,2024-10-30T17:42:00Z,1523.89,Credit,Water bill,41
810,CUR5972484792,CUR9462806178,2024-09-19T06:15:09Z,4853.77,Credit,Consulting fee,41
811,CUR9462806178,SAV4482141802,2023-04-07T05:24:03Z,3095.06,Debit,Loan repayment,41
812,BUS4412168053,CUR9462806178,2024-08-07T06:38:11Z,810.47,Credit,Electricity bill,41
813,CUR5972484792,CUR9462806178,2023-03-26T11:31:40Z,926.56,Credit,Payroll,41
814,CUR7805745017,CUR9462806178,2023-03-13T11:32:22Z,2701.63,Credit,Loan repayment,41
815,CUR2926780541,CUR9462806178,2024-09-09T04:25:23Z,3843.75,Credit,Interest credit,41
816,CUR9462806178,BUS8324857808,2024-10-17T05:40:54Z,2372.18,Debit,Deposit,41
817,SAV3959863754,CUR9462806178,2023-10-29T20:34:46Z,3659.54,Credit,Grocery payment,41
818,CUR9462806178,CUR1667779376,2023-10-13T20:03:35Z,4205.18,Debit,Interest credit,41
819,CUR9462806178,CUR2193688100,2025-01-01T03:22:01Z,117.63,Debit,Payroll,41
820,CUR2926780541,CUR9462806178,2025-07-01T03:10:52Z,1592.2,Credit,Service charge,41
821,CUR5791662169,SAV6882515917,2023-04-25T13:08:45Z,1867.29,Debit,Deposit,42
822,CUR5791662169,SAV7049001493,2024-12-07T12:47:32Z,442.56,Debit,Gym membership,42
823,SAV7418301077,CUR5791662169,2025-06-28T15:07:54Z,4851.95,Credit,Transfer to savings,42
824,BUS7567496105,CUR5791662169,2025-04-28T05:04:53Z,1042.88,Credit,Merchant payment,42
825,SAV3181106786,CUR5791662169,2024-11-17T02:24:25Z,446.8,Credit,Transfer to savings,42
826,CUR5791662169,SAV7517938612,2024-07-13T15:05:31Z,3777.44,Debit,Water bill,42
827,CUR2926780541,CUR5791662169,2024-02-13T06:46:20Z,215.95,Credit,Bonus payment,42
828,CUR5791662169,SAV2461042543,2024-09-10T21:18:24Z,1126.48,Debit,Freelance project,42
829,CUR5791662169,BUS3029548895,2023-01-06T05:36:28Z,3270.8,Debit,Deposit,42
830,CUR5791662169,CUR1122159993,2025-05-04T06:31:50Z,3824.77,Debit,Merchant payment,42
831,SAV7517938612,CUR5791662169,2023-05-17T21:48:17Z,2183.16,Credit,ATM withdrawal,42
832,CUR5791662169,CUR8925417562,2025-09-01T04:21:14Z,818.42,Debit,Grocery payment,42
833,CUR5791662169,SAV1701406202,2023-10-27T11:38:21Z,1366.99,Debit,Transfer to savings,42
834,CUR5791662169,SAV6320115677,2024-12-30T01:46:25Z,2571.76,Debit,Consulting fee,42
835,CUR7192423780,CUR5791662169,2024-01-11T03:26:27Z,4362.85,Credit,Bonus payment,42
836,CUR1617262027,CUR5791662169,2024-09-08T09:53:00Z,689.06,Credit,Deposit,42
837,CUR5791662169,CUR1439881358,2025-02-02T17:39:16Z,777.0,Debit,Online purchase,42
838,BUS4447056094,CUR5791662169,2024-01-21T20:20:24Z,2089.64,Credit,Restaurant,42
839,SAV4131575764,CUR5791662169,2023-08-27T04:46:40Z,3456.8,Credit,Water bill,42
840,CUR8343942606,CUR5791662169,2025-06-24T21:45:35Z,148.65,Credit,Bonus payment,42
841,SAV3880327491,BUS6268097086,2023-08-31T08:05:44Z,631.09,Debit,Water bill,43
842,CUR2852193802,SAV3880327491,2023-06-10T15:28:00Z,985.77,Credit,Grocery payment,43
843,SAV3880327491,SAV6320115677,2023-05-02T17:04:43Z,1511.72,Debit,Salary,43
844,CUR8110054933,SAV3880327491,2023-07-17T04:30:25Z,927.99,Credit,Refund,43
845,SAV3880327491,SAV6788913862,2023-03-01T03:18:18Z,806.98,Debit,Cheque deposit,43
846,SAV7271954644,SAV3880327491,2024-05-10T18:22:59Z,3817.4,Credit,Cheque deposit,43
847,CUR5791662169,SAV3880327491,2024-03-20T06:58:26Z,2687.95,Credit,Gym membership,43
848,SAV3531370274,SAV3880327491,2023-07-22T07:47:31Z,2201.13,Credit,Electricity bill,43
849,CUR3553440342,SAV3880327491,2024-01-06T12:55:07Z,2040.85,Credit,Consulting fee,43
850,SAV3880327491,CUR2926780541,2024-10-05T04:30:02Z,3812.56,Debit,Medical bill,43
851,CUR2926780541,SAV3880327491,2024-08-13T20:17:04Z,583.03,Credit,Deposit,43
852,SAV7044231107,SAV3880327491,2025-07-24T21:51:34Z,4924.89,Credit,Transfer to savings,43
853,BUS2578148768,SAV3880327491,2024-01-22T02:32:03Z,68.87,Credit,Internet bill,43
854,SAV3880327491,SAV7676965974,2025-10-03T03:49:45Z,429.6,Debit,Water bill,43
855,BUS5199848083,SAV3880327491,2025-03-19T14:35:10Z,328.23,Credit,Subscription renewal,43
856,CUR7438628899,SAV3880327491,2024-11-24T07:17:28Z,3825.26,Credit,Consulting fee,43
857,CUR2472659626,SAV3880327491,2024-07-13T23:26:28Z,3017.81,Credit,Insurance premium,43
858,SAV3880327491,CUR5819769602,2025-09-19T18:37:12Z,2449.26,Debit,Online purchase,43
859,SAV3880327491,SAV6320115677,2023-10-03T01:04:55Z,2493.18,Debit,Salary,43
860,SAV4131575764,SAV3880327491,2024-01-02T13:55:52Z,3111.72,Credit,Electricity bill,43
861,CUR7433427406,SAV7049001493,2023-06-06T18:55:50Z,2526.45,Credit,Payroll,44
862,CUR9550041076,SAV7049001493,2024-12-04T19:40:48Z,4401.23,Credit,Electricity bill,44
863,SAV7049001493,SAV2461042543,2025-02-24T16:23:17Z,184.73,Debit,Loan repayment,44
864,SAV7049001493,SAV4993808565,2024-09-12T05:58:34Z,1948.46,Debit,Consulting fee,44
865,BUS7312821876,SAV7049001493,2023-08-13T20:42:40Z,2813.47,Credit,Loan repayment,44
866,SAV7049001493,SAV3181106786,2025-11-03T02:01:45Z,3086.61,Debit,Refund,44
867,SAV7049001493,CUR1547374338,2024-08-05T11:40:06Z,4185.49,Debit,Refund,44
868,SAV7049001493,CUR2188332531,2023-02-25T22:45:40Z,4959.77,Debit,Transfer to savings,44
869,CUR9462806178,SAV7049001493,2024-12-20T02:03:18Z,1563.94,Credit,Restaurant,44
870,SAV7049001493,CUR1429416213,2023-05-15T11:06:05Z,1633.95,Debit,Interest credit,44
871,CUR3342331444,SAV7049001493,2025-05-15T20:40:55Z,3481.31,Credit,Tax payment,44
872,SAV7049001493,SAV7517938612,2023-02-15T11:31:26Z,493.14,Debit,Merchant payment,44
873,SAV7049001493,CUR5791662169,2023-07-24T07:29:48Z,3338.6,Debit,Loan repayment,44
874,CUR1338258951,SAV7049001493,2024-09-05T13:13:42Z,4237.43,Credit,Freelance project,44
875,SAV7049001493,SAV4131575764,2023-06-04T19:30:32Z,4981.16,Debit,Insurance premium,44
876,SAV7271954644,SAV7049001493,2024-04-07T22:44:23Z,478.19,Credit,Rental income,44
877,CUR7900268326,SAV7049001493,2024-07-13T02:26:57Z,1052.65,Credit,Freelance project,44
878,SAV4131575764,SAV7049001493,2023-06-07T23:43:18Z,2167.39,Credit,Payroll,44
879,SAV7049001493,SAV3880327491,2024-10-03T07:17:04Z,2268.88,Debit,Consulting fee,44
880,CUR7635473142,SAV7049001493,2024-01-05T00:40:38Z,2886.33,Credit,Subscription renewal,44
881,CUR1667779376,BUS6587537178,2025-08-15T09:45:18Z,4264.61,Credit,Transfer to savings,45
882,BUS6587537178,SAV8877444318,2023-05-03T19:00:54Z,756.61,Debit,Internet bill,45
883,BUS6587537178,CUR3722697824,2024-09-06T15:51:07Z,4230.61,Debit,ATM withdrawal,45
884,BUS6587537178,CUR2743180954,2024-08-10T23:31:18Z,572.23,Debit,Subscription renewal,45
885,CUR2926780541,BUS6587537178,2023-02-26T08:56:29Z,2801.33,Credit,Transfer to savings,45
886,BUS4944899549,BUS6587537178,2025-05-14T23:33:13Z,686.47,Credit,ATM withdrawal,45
887,CUR1085507405,BUS6587537178,2024-07-22T23:58:53Z,4298.62,Credit,Restaurant,45
888,BUS6587537178,SAV1420514789,2024-10-04T21:54:12Z,4484.38,Debit,Internet bill,45
889,CUR2013789043,BUS6587537178,2023-07-04T14:27:01Z,2857.01,Credit,Cheque deposit,45
890,CUR8616379926,BUS6587537178,2023-09-05T19:00:14Z,4658.12,Credit,ATM withdrawal,45
891,BUS6587537178,CUR7192423780,2025-10-13T03:17:09Z,1649.78,Debit,Tax payment,45
892,SAV4131356954,BUS6587537178,2025-03-09T08:35:24Z,879.9,Credit,ATM withdrawal,45
893,BUS6587537178,CUR2926780541,2025-06-19T14:52:06Z,2669.68,Debit,Medical bill,45
894,SAV8877444318,BUS6587537178,2023-08-20T11:31:22Z,4816.76,Credit,Freelance project,45
895,BUS6587537178,SAV4131575764,2023-10-24T13:12:58Z,110.27,Debit,Service charge,45
896,CUR6947199197,BUS6587537178,2023-03-13T01:59:26Z,3196.55,Credit,Medical bill,45
897,CUR7805745017,BUS6587537178,2025-01-13T04:26:37Z,1945.41,Credit,Insurance premium,45
898,BUS6587537178,CUR2277421636,2024-06-07T10:57:18Z,4297.79,Debit,Loan repayment,45
899,BUS6587537178,BUS5440488015,2025-06-17T22:59:12Z,4332.89,Debit,Bonus payment,45
900,SAV8376116786,BUS6587537178,2025-10-03T17:09:06Z,4384.42,Credit,Bonus payment,45
901,CUR2188332531,CUR7192423780,2023-07-25T05:50:16Z,2107.25,Credit,Gym membership,46
902,BUS3755618874,CUR7192423780,2024-10-31T16:30:09Z,3152.63,Credit,Freelance project,46
903,CUR7192423780,SAV3473082326,2023-10-06T00:06:43Z,558.59,Debit,Online purchase,46
904,SAV7234101654,CUR7192423780,2023-09-24T21:37:38Z,4368.16,Credit,Water bill,46
905,SAV1853254184,CUR7192423780,2024-06-17T06:18:58Z,2075.41,Credit,Loan repayment,46
906,CUR2986099771,CUR7192423780,2025-03-16T13:44:16Z,1312.61,Credit,Stock sale proceeds,46
907,CUR7192423780,CUR1298737106,2023-12-12T01:48:45Z,750.51,Debit,Refund,46
908,CUR7192423780,SAV9281920454,2023-12-15T20:39:09Z,4137.15,Debit,Merchant payment,46
909,BUS4944899549,CUR7192423780,2023-08-31T08:10:23Z,1443.37,Credit,Merchant payment,46
910,CUR7192423780,CUR9841118422,2025-02-21T04:44:25Z,4976.06,Debit,Deposit,46
911,CUR7192423780,CUR2124420145,2024-01-23T15:13:51Z,3090.31,Debit,Online purchase,46
912,CUR2439622619,CUR7192423780,2025-01-27T21:13:22Z,2347.06,Credit,Stock sale proceeds,46
913,BUS7859904332,CUR7192423780,2024-10-24T14:28:28Z,369.91,Credit,Payroll,46
914,CUR7192423780,CUR2188332531,2023-05-01T01:53:50Z,4983.71,Debit,Internet bill,46
915,CUR7192423780,SAV9493400366,2023-04-04T00:11:42Z,3357.95,Debit,Water bill,46
916,CUR7192423780,CUR2926780541,2023-03-26T21:08:05Z,4651.98,Debit,Interest credit,46
917,CUR7192423780,BUS7567496105,2023-09-28T03:15:50Z,1305.73,Debit,Rental income,46
918,CUR7192423780,SAV8506844200,2023-04-01T04:39:20Z,4631.55,Debit,Deposit,46
919,BUS6639336381,CUR7192423780,2024-06-23T22:18:58Z,4463.9,Credit,Rental income,46
920,BUS8723296882,CUR7192423780,2025-10-03T05:30:26Z,270.84,Credit,Water bill,46
921,CUR2439622619,SAV4482141802,2023-04-22T08:22:08Z,3531.28,Debit,Transfer to savings,47
922,CUR2439622619,SAV4993808565,2023-08-26T18:01:08Z,2806.47,Debit,Interest credit,47
923,CUR2501539056,CUR2439622619,2025-10-06T04:05:44Z,1022.65,Credit,Deposit,47
924,BUS3515465308,CUR2439622619,2024-01-05T06:07:38Z,2919.82,Credit,Salary,47
925,CUR2926780541,CUR2439622619,2024-01-05T15:09:40Z,3386.16,Credit,Rental income,47
926,SAV2389586583,CUR2439622619,2023-02-23T10:21:01Z,149.23,Credit,Interest credit,47
927,CUR2472659626,CUR2439622619,2025-09-09T16:31:53Z,34.0,Credit,Grocery payment,47
928,BUS1555426027,CUR2439622619,2025-07-16T11:49:47Z,4317.08,Credit,Freelance project,47
929,BUS2638061586,CUR2439622619,2024-08-02T11:45:58Z,1997.3,Credit,Loan repayment,47
930,CUR2439622619,CUR7023245961,2024-05-06T14:31:26Z,3237.6,Debit,Phone bill,47
931,CUR2439622619,BUS5858839243,2023-11-12T04:23:27Z,3329.27,Debit,Bonus payment,47
932,CUR2439622619,SAV3181106786,2025-01-22T18:39:54Z,2384.82,Debit,Tax payment,47
933,BUS6095359489,CUR2439622619,2025-05-16T03:17:05Z,3155.28,Credit,Restaurant,47
934,CUR2439622619,CUR3553440342,2023-03-24T18:41:24Z,3239.82,Debit,Medical bill,47
935,CUR6543527275,CUR2439622619,2023-11-14T18:02:02Z,2189.59,Credit,Freelance project,47
936,CUR2439622619,SAV4131575764,2025-09-05T10:56:13Z,4208.48,Debit,Cheque deposit,47
937,SAV3409076656,CUR2439622619,2025-05-25T10:45:29Z,2569.51,Credit,Cheque deposit,47
938,CUR2439622619,BUS8786023064,2025-05-20T15:02:15Z,1780.51,Debit,Tax payment,47
939,CUR2439622619,SAV2687738937,2023-06-17T18:19:47Z,421.04,Debit,Medical bill,47
940,CUR2472659626,CUR2439622619,2024-09-01T11:25:49Z,2252.49,Credit,Freelance project,47
941,CUR1906531762,CUR9520940324,2024-06-26T12:25:39Z,395.71,Credit,Service charge,48
942,CUR9520940324,SAV1939915527,2024-06-15T03:52:16Z,587.81,Debit,Loan repayment,48
943,BUS7385424494,CUR9520940324,2025-09-04T16:45:14Z,3094.4,Credit,Service charge,48
944,CUR1547374338,CUR9520940324,2025-01-08T14:22:53Z,74.31,Credit,Electricity bill,48
945,CUR9462806178,CUR9520940324,2023-02-02T06:51:10Z,730.05,Credit,Online purchase,48
946,CUR1240251661,CUR9520940324,2025-06-11T22:47:38Z,1508.08,Credit,Interest credit,48
947,CUR9520940324,BUS7567496105,2023-10-31T17:15:26Z,3695.21,Debit,Interest credit,48
948,CUR9520940324,SAV8877444318,2025-09-20T17:09:59Z,1010.69,Debit,Tax payment,48
949,CUR9520940324,SAV4993808565,2025-03-13T01:51:14Z,2161.78,Debit,Transfer to savings,48
950,SAV4698408854,CUR9520940324,2025-10-12T21:04:06Z,189.9,Credit,Insurance premium,48
951,BUS9021427795,CUR9520940324,2025-09-22T18:41:26Z,1163.37,Credit,Grocery payment,48
952,BUS4944899549,CUR9520940324,2023-02-08T15:21:52Z,4464.92,Credit,Transfer to savings,48
953,CUR9520940324,SAV2873593613,2025-08-27T04:15:27Z,810.86,Debit,Gym membership,48
954,CUR9520940324,CUR3553440342,2024-01-29T17:05:04Z,2940.36,Debit,Internet bill,48
955,SAV8350343413,CUR9520940324,2024-11-25T21:55:18Z,4799.22,Credit,Bonus payment,48
956,BUS6184921425,CUR9520940324,2025-01-07T17:11:48Z,3455.03,Credit,Restaurant,48
957,CUR9520940324,CUR2926780541,2025-09-15T04:42:00Z,509.01,Debit,Transfer to savings,48
958,CUR9520940324,CUR3342331444,2025-10-08T11:03:20Z,1797.14,Debit,ATM withdrawal,48
959,CUR9520940324,BUS5568408912,2025-01-01T05:46:28Z,2155.95,Debit,Service charge,48
960,CUR2188332531,CUR9520940324,2024-04-09T04:23:38Z,3848.02,Credit,Consulting fee,48
961,BUS3875420006,SAV7418301077,2024-07-01T05:30:15Z,3533.49,Credit,Interest credit,49
962,BUS5068981129,SAV7418301077,2025-07-25T04:02:19Z,4118.93,Credit,Grocery payment,49
963,SAV7418301077,CUR9841118422,2025-11-04T03:50:16Z,4555.37,Debit,Loan repayment,49
964,SAV4131356954,SAV7418301077,2024-08-21T16:04:30Z,775.71,Credit,Refund,49
965,SAV7418301077,SAV1420514789,2024-11-16T05:00:58Z,3847.25,Debit,Salary,49
966,SAV7418301077,CUR1240251661,2024-05-17T17:14:44Z,1333.75,Debit,Medical bill,49
967,CUR5791662169,SAV7418301077,2025-04-29T13:07:50Z,3768.77,Credit,Transfer to savings,49
968,SAV1420514789,SAV7418301077,2024-04-12T05:01:27Z,4490.84,Credit,Stock sale proceeds,49
969,SAV7418301077,BUS5052915145,2025-01-10T01:05:01Z,428.47,Debit,Rental income,49
970,SAV7418301077,SAV3409076656,2025-04-02T05:58:58Z,3302.58,Debit,Phone bill,49
971,SAV7418301077,BUS9472515108,2023-11-06T20:55:08Z,2099.43,Debit,Internet bill,49
972,BUS4944899549,SAV7418301077,2024-09-15T11:25:16Z,4501.54,Credit,Service charge,49
973,SAV7418301077,CUR1429416213,2023-10-28T14:42:24Z,3123.68,Debit,Service charge,49
974,SAV4330319077,SAV7418301077,2025-06-24T12:34:12Z,4405.47,Credit,Restaurant,49
975,SAV7418301077,BUS4779036992,2023-03-17T19:34:02Z,2604.75,Debit,Payroll,49
976,SAV7418301077,SAV8429141456,2024-08-04T07:46:54Z,1706.84,Debit,Phone bill,49
977,SAV7418301077,BUS2111065867,2023-11-24T00:51:09Z,4161.98,Debit,Deposit,49
978,SAV7418301077,CUR5972484792,2025-05-15T18:23:47Z,1302.48,Debit,Cheque deposit,49
979,SAV7418301077,CUR7222277556,2024-12-26T04:30:28Z,2864.31,Debit,Salary,49
980,BUS3557863130,SAV7418301077,2025-07-17T12:20:30Z,1754.93,Credit,Deposit,49
981,CUR7192423780,SAV1939915527,2023-10-14T13:45:01Z,2584.68,Credit,Subscription renewal,50
982,SAV1939915527,SAV1351960400,2025-01-09T16:32:27Z,315.66,Debit,Water bill,50
983,SAV1939915527,SAV8429141456,2025-09-02T07:49:12Z,2016.75,Debit,Payroll,50
984,SAV9365823349,SAV1939915527,2025-03-19T09:36:02Z,3659.93,Credit,Transfer to savings,50
985,SAV2461042543,SAV1939915527,2023-11-30T05:15:19Z,651.28,Credit,Medical bill,50
986,SAV1939915527,SAV4482141802,2023-08-30T07:44:31Z,4720.63,Debit,Refund,50
987,CUR5972484792,SAV1939915527,2023-09-01T21:54:12Z,2860.96,Credit,Grocery payment,50
988,SAV1939915527,SAV6557607354,2023-11-10T04:17:12Z,144.75,Debit,Water bill,50
989,SAV1939915527,SAV9113438941,2023-10-19T21:28:03Z,1081.83,Debit,Bonus payment,50
990,SAV1939915527,SAV3409076656,2025-09-28T00:04:33Z,2090.79,Debit,Tax payment,50
991,SAV1939915527,SAV3181106786,2024-09-26T20:35:55Z,2378.76,Debit,Gym membership,50
992,CUR7805745017,SAV1939915527,2023-09-29T05:02:36Z,3337.77,Credit,Water bill,50
993,SAV2663162195,SAV1939915527,2024-10-28T03:15:06Z,4501.72,Credit,Rental income,50
994,CUR4037437944,SAV1939915527,2023-04-04T16:07:57Z,2862.11,Credit,Freelance project,50
995,CUR4852002754,SAV1939915527,2024-09-24T20:25:37Z,605.81,Credit,Payroll,50
996,SAV1939915527,SAV4993808565,2024-01-04T00:41:26Z,4195.39,Debit,Tax payment,50
997,SAV3529276291,SAV1939915527,2025-06-28T03:04:54Z,2459.91,Credit,Salary,50
998,SAV1939915527,SAV8429141456,2024-11-27T15:54:40Z,1590.33,Debit,ATM withdrawal,50
999,SAV4698408854,SAV1939915527,2023-07-06T04:10:26Z,724.45,Credit,ATM withdrawal,50
1000,SAV1939915527,SAV4482141802,2023-07-03T05:36:54Z,299.27,Debit,Rental income,50
